model,sample_id,text,ground_truth,prediction,prompt_sent,response
meta-llama/llama-4-maverick,sample_001,0.65,0.65,0.7,"[{'role': 'system', 'content': 'You are a helpful assistant.'}, {'role': 'user', 'content': '\nDo not reason, directly output the answer as a number after Final Answer:\n\nYou are given a text-based representation of a horizontal line. \nThe left end corresponds to 0.0, the right end to 1.0.\n\nHere is the line with the red dot marked as ""O"":\n| ------------- ----------O=-------- .---|\n\nEstimate the horizontal position of the center of the dot as a decimal number between 0 and 1.\nFinal Answer:\n'}]",0.7
meta-llama/llama-4-maverick,sample_002,0.88,0.88,0.63,"[{'role': 'system', 'content': 'You are a helpful assistant.'}, {'role': 'user', 'content': '\nDo not reason, directly output the answer as a number after Final Answer:\n\nYou are given a text-based representation of a horizontal line. \nThe left end corresponds to 0.0, the right end to 1.0.\n\nHere is the line with the red dot marked as ""O"":\n| ------------- ----------O=-------- .---|\n\nEstimate the horizontal position of the center of the dot as a decimal number between 0 and 1.\nFinal Answer:\n'}, {'role': 'assistant', 'content': '0.7'}, {'role': 'user', 'content': '\nDo not reason, directly output the answer as a number after Final Answer:\n\nYou are given a text-based representation of a horizontal line. \nThe left end corresponds to 0.0, the right end to 1.0.\n\nHere is the line with the red dot marked as ""O"":\n|---------.- - --------.------ ----O-----|\n\nEstimate the horizontal position of the center of the dot as a decimal number between 0 and 1.\nFinal Answer:\n'}]",0.63
meta-llama/llama-4-maverick,sample_003,0.79,0.79,0.7,"[{'role': 'system', 'content': 'You are a helpful assistant.'}, {'role': 'user', 'content': '\nDo not reason, directly output the answer as a number after Final Answer:\n\nYou are given a text-based representation of a horizontal line. \nThe left end corresponds to 0.0, the right end to 1.0.\n\nHere is the line with the red dot marked as ""O"":\n| ------------- ----------O=-------- .---|\n\nEstimate the horizontal position of the center of the dot as a decimal number between 0 and 1.\nFinal Answer:\n'}, {'role': 'assistant', 'content': '0.7'}, {'role': 'user', 'content': '\nDo not reason, directly output the answer as a number after Final Answer:\n\nYou are given a text-based representation of a horizontal line. \nThe left end corresponds to 0.0, the right end to 1.0.\n\nHere is the line with the red dot marked as ""O"":\n|---------.- - --------.------ ----O-----|\n\nEstimate the horizontal position of the center of the dot as a decimal number between 0 and 1.\nFinal Answer:\n'}, {'role': 'assistant', 'content': '0.63'}, {'role': 'user', 'content': '\nDo not reason, directly output the answer as a number after Final Answer:\n\nYou are given a text-based representation of a horizontal line. \nThe left end corresponds to 0.0, the right end to 1.0.\n\nHere is the line with the red dot marked as ""O"":\n| ---------------------=------O-- -------|\n\nEstimate the horizontal position of the center of the dot as a decimal number between 0 and 1.\nFinal Answer:\n'}]",0.7
meta-llama/llama-4-maverick,sample_004,0.74,0.74,0.66,"[{'role': 'system', 'content': 'You are a helpful assistant.'}, {'role': 'user', 'content': '\nDo not reason, directly output the answer as a number after Final Answer:\n\nYou are given a text-based representation of a horizontal line. \nThe left end corresponds to 0.0, the right end to 1.0.\n\nHere is the line with the red dot marked as ""O"":\n| ------------- ----------O=-------- .---|\n\nEstimate the horizontal position of the center of the dot as a decimal number between 0 and 1.\nFinal Answer:\n'}, {'role': 'assistant', 'content': '0.7'}, {'role': 'user', 'content': '\nDo not reason, directly output the answer as a number after Final Answer:\n\nYou are given a text-based representation of a horizontal line. \nThe left end corresponds to 0.0, the right end to 1.0.\n\nHere is the line with the red dot marked as ""O"":\n|---------.- - --------.------ ----O-----|\n\nEstimate the horizontal position of the center of the dot as a decimal number between 0 and 1.\nFinal Answer:\n'}, {'role': 'assistant', 'content': '0.63'}, {'role': 'user', 'content': '\nDo not reason, directly output the answer as a number after Final Answer:\n\nYou are given a text-based representation of a horizontal line. \nThe left end corresponds to 0.0, the right end to 1.0.\n\nHere is the line with the red dot marked as ""O"":\n| ---------------------=------O-- -------|\n\nEstimate the horizontal position of the center of the dot as a decimal number between 0 and 1.\nFinal Answer:\n'}, {'role': 'assistant', 'content': '0.7'}, {'role': 'user', 'content': '\nDo not reason, directly output the answer as a number after Final Answer:\n\nYou are given a text-based representation of a horizontal line. \nThe left end corresponds to 0.0, the right end to 1.0.\n\nHere is the line with the red dot marked as ""O"":\n|----~-----=---- -------------O------- --|\n\nEstimate the horizontal position of the center of the dot as a decimal number between 0 and 1.\nFinal Answer:\n'}]",0.66
meta-llama/llama-4-maverick,sample_005,0.56,0.56,0.55,"[{'role': 'system', 'content': 'You are a helpful assistant.'}, {'role': 'user', 'content': '\nDo not reason, directly output the answer as a number after Final Answer:\n\nYou are given a text-based representation of a horizontal line. \nThe left end corresponds to 0.0, the right end to 1.0.\n\nHere is the line with the red dot marked as ""O"":\n| ------------- ----------O=-------- .---|\n\nEstimate the horizontal position of the center of the dot as a decimal number between 0 and 1.\nFinal Answer:\n'}, {'role': 'assistant', 'content': '0.7'}, {'role': 'user', 'content': '\nDo not reason, directly output the answer as a number after Final Answer:\n\nYou are given a text-based representation of a horizontal line. \nThe left end corresponds to 0.0, the right end to 1.0.\n\nHere is the line with the red dot marked as ""O"":\n|---------.- - --------.------ ----O-----|\n\nEstimate the horizontal position of the center of the dot as a decimal number between 0 and 1.\nFinal Answer:\n'}, {'role': 'assistant', 'content': '0.63'}, {'role': 'user', 'content': '\nDo not reason, directly output the answer as a number after Final Answer:\n\nYou are given a text-based representation of a horizontal line. \nThe left end corresponds to 0.0, the right end to 1.0.\n\nHere is the line with the red dot marked as ""O"":\n| ---------------------=------O-- -------|\n\nEstimate the horizontal position of the center of the dot as a decimal number between 0 and 1.\nFinal Answer:\n'}, {'role': 'assistant', 'content': '0.7'}, {'role': 'user', 'content': '\nDo not reason, directly output the answer as a number after Final Answer:\n\nYou are given a text-based representation of a horizontal line. \nThe left end corresponds to 0.0, the right end to 1.0.\n\nHere is the line with the red dot marked as ""O"":\n|----~-----=---- -------------O------- --|\n\nEstimate the horizontal position of the center of the dot as a decimal number between 0 and 1.\nFinal Answer:\n'}, {'role': 'assistant', 'content': '0.66'}, {'role': 'user', 'content': '\nDo not reason, directly output the answer as a number after Final Answer:\n\nYou are given a text-based representation of a horizontal line. \nThe left end corresponds to 0.0, the right end to 1.0.\n\nHere is the line with the red dot marked as ""O"":\n|-=-~-----------~-----O---.---------- ---|\n\nEstimate the horizontal position of the center of the dot as a decimal number between 0 and 1.\nFinal Answer:\n'}]",0.55
meta-llama/llama-4-maverick,sample_006,0.65,0.65,0.7,"[{'role': 'system', 'content': 'You are a helpful assistant.'}, {'role': 'user', 'content': '\nDo not reason, directly output the answer as a number after Final Answer:\n\nYou are given a text-based representation of a horizontal line. \nThe left end corresponds to 0.0, the right end to 1.0.\n\nHere is the line with the red dot marked as ""O"":\n| ------------- ----------O=-------- .---|\n\nEstimate the horizontal position of the center of the dot as a decimal number between 0 and 1.\nFinal Answer:\n'}, {'role': 'assistant', 'content': '0.7'}, {'role': 'user', 'content': '\nDo not reason, directly output the answer as a number after Final Answer:\n\nYou are given a text-based representation of a horizontal line. \nThe left end corresponds to 0.0, the right end to 1.0.\n\nHere is the line with the red dot marked as ""O"":\n|---------.- - --------.------ ----O-----|\n\nEstimate the horizontal position of the center of the dot as a decimal number between 0 and 1.\nFinal Answer:\n'}, {'role': 'assistant', 'content': '0.63'}, {'role': 'user', 'content': '\nDo not reason, directly output the answer as a number after Final Answer:\n\nYou are given a text-based representation of a horizontal line. \nThe left end corresponds to 0.0, the right end to 1.0.\n\nHere is the line with the red dot marked as ""O"":\n| ---------------------=------O-- -------|\n\nEstimate the horizontal position of the center of the dot as a decimal number between 0 and 1.\nFinal Answer:\n'}, {'role': 'assistant', 'content': '0.7'}, {'role': 'user', 'content': '\nDo not reason, directly output the answer as a number after Final Answer:\n\nYou are given a text-based representation of a horizontal line. \nThe left end corresponds to 0.0, the right end to 1.0.\n\nHere is the line with the red dot marked as ""O"":\n|----~-----=---- -------------O------- --|\n\nEstimate the horizontal position of the center of the dot as a decimal number between 0 and 1.\nFinal Answer:\n'}, {'role': 'assistant', 'content': '0.66'}, {'role': 'user', 'content': '\nDo not reason, directly output the answer as a number after Final Answer:\n\nYou are given a text-based representation of a horizontal line. \nThe left end corresponds to 0.0, the right end to 1.0.\n\nHere is the line with the red dot marked as ""O"":\n|-=-~-----------~-----O---.---------- ---|\n\nEstimate the horizontal position of the center of the dot as a decimal number between 0 and 1.\nFinal Answer:\n'}, {'role': 'assistant', 'content': '0.55'}, {'role': 'user', 'content': '\nDo not reason, directly output the answer as a number after Final Answer:\n\nYou are given a text-based representation of a horizontal line. \nThe left end corresponds to 0.0, the right end to 1.0.\n\nHere is the line with the red dot marked as ""O"":\n| ------------- ----------O=-------- .---|\n\nEstimate the horizontal position of the center of the dot as a decimal number between 0 and 1.\nFinal Answer:\n'}]",0.7
meta-llama/llama-4-maverick,sample_007,0.88,0.88,0.73,"[{'role': 'system', 'content': 'You are a helpful assistant.'}, {'role': 'user', 'content': '\nDo not reason, directly output the answer as a number after Final Answer:\n\nYou are given a text-based representation of a horizontal line. \nThe left end corresponds to 0.0, the right end to 1.0.\n\nHere is the line with the red dot marked as ""O"":\n|---------.- - --------.------ ----O-----|\n\nEstimate the horizontal position of the center of the dot as a decimal number between 0 and 1.\nFinal Answer:\n'}]",0.73
meta-llama/llama-4-maverick,sample_008,0.79,0.79,0.67,"[{'role': 'system', 'content': 'You are a helpful assistant.'}, {'role': 'user', 'content': '\nDo not reason, directly output the answer as a number after Final Answer:\n\nYou are given a text-based representation of a horizontal line. \nThe left end corresponds to 0.0, the right end to 1.0.\n\nHere is the line with the red dot marked as ""O"":\n|---------.- - --------.------ ----O-----|\n\nEstimate the horizontal position of the center of the dot as a decimal number between 0 and 1.\nFinal Answer:\n'}, {'role': 'assistant', 'content': '0.73'}, {'role': 'user', 'content': '\nDo not reason, directly output the answer as a number after Final Answer:\n\nYou are given a text-based representation of a horizontal line. \nThe left end corresponds to 0.0, the right end to 1.0.\n\nHere is the line with the red dot marked as ""O"":\n| ---------------------=------O-- -------|\n\nEstimate the horizontal position of the center of the dot as a decimal number between 0 and 1.\nFinal Answer:\n'}]",0.67
meta-llama/llama-4-maverick,sample_009,0.74,0.74,0.63,"[{'role': 'system', 'content': 'You are a helpful assistant.'}, {'role': 'user', 'content': '\nDo not reason, directly output the answer as a number after Final Answer:\n\nYou are given a text-based representation of a horizontal line. \nThe left end corresponds to 0.0, the right end to 1.0.\n\nHere is the line with the red dot marked as ""O"":\n|---------.- - --------.------ ----O-----|\n\nEstimate the horizontal position of the center of the dot as a decimal number between 0 and 1.\nFinal Answer:\n'}, {'role': 'assistant', 'content': '0.73'}, {'role': 'user', 'content': '\nDo not reason, directly output the answer as a number after Final Answer:\n\nYou are given a text-based representation of a horizontal line. \nThe left end corresponds to 0.0, the right end to 1.0.\n\nHere is the line with the red dot marked as ""O"":\n| ---------------------=------O-- -------|\n\nEstimate the horizontal position of the center of the dot as a decimal number between 0 and 1.\nFinal Answer:\n'}, {'role': 'assistant', 'content': '0.67'}, {'role': 'user', 'content': '\nDo not reason, directly output the answer as a number after Final Answer:\n\nYou are given a text-based representation of a horizontal line. \nThe left end corresponds to 0.0, the right end to 1.0.\n\nHere is the line with the red dot marked as ""O"":\n|----~-----=---- -------------O------- --|\n\nEstimate the horizontal position of the center of the dot as a decimal number between 0 and 1.\nFinal Answer:\n'}]",0.63
meta-llama/llama-4-maverick,sample_010,0.56,0.56,0.55,"[{'role': 'system', 'content': 'You are a helpful assistant.'}, {'role': 'user', 'content': '\nDo not reason, directly output the answer as a number after Final Answer:\n\nYou are given a text-based representation of a horizontal line. \nThe left end corresponds to 0.0, the right end to 1.0.\n\nHere is the line with the red dot marked as ""O"":\n|---------.- - --------.------ ----O-----|\n\nEstimate the horizontal position of the center of the dot as a decimal number between 0 and 1.\nFinal Answer:\n'}, {'role': 'assistant', 'content': '0.73'}, {'role': 'user', 'content': '\nDo not reason, directly output the answer as a number after Final Answer:\n\nYou are given a text-based representation of a horizontal line. \nThe left end corresponds to 0.0, the right end to 1.0.\n\nHere is the line with the red dot marked as ""O"":\n| ---------------------=------O-- -------|\n\nEstimate the horizontal position of the center of the dot as a decimal number between 0 and 1.\nFinal Answer:\n'}, {'role': 'assistant', 'content': '0.67'}, {'role': 'user', 'content': '\nDo not reason, directly output the answer as a number after Final Answer:\n\nYou are given a text-based representation of a horizontal line. \nThe left end corresponds to 0.0, the right end to 1.0.\n\nHere is the line with the red dot marked as ""O"":\n|----~-----=---- -------------O------- --|\n\nEstimate the horizontal position of the center of the dot as a decimal number between 0 and 1.\nFinal Answer:\n'}, {'role': 'assistant', 'content': '0.63'}, {'role': 'user', 'content': '\nDo not reason, directly output the answer as a number after Final Answer:\n\nYou are given a text-based representation of a horizontal line. \nThe left end corresponds to 0.0, the right end to 1.0.\n\nHere is the line with the red dot marked as ""O"":\n|-=-~-----------~-----O---.---------- ---|\n\nEstimate the horizontal position of the center of the dot as a decimal number between 0 and 1.\nFinal Answer:\n'}]",0.55
meta-llama/llama-4-maverick,sample_011,0.65,0.65,0.48,"[{'role': 'system', 'content': 'You are a helpful assistant.'}, {'role': 'user', 'content': '\nDo not reason, directly output the answer as a number after Final Answer:\n\nYou are given a text-based representation of a horizontal line. \nThe left end corresponds to 0.0, the right end to 1.0.\n\nHere is the line with the red dot marked as ""O"":\n|---------.- - --------.------ ----O-----|\n\nEstimate the horizontal position of the center of the dot as a decimal number between 0 and 1.\nFinal Answer:\n'}, {'role': 'assistant', 'content': '0.73'}, {'role': 'user', 'content': '\nDo not reason, directly output the answer as a number after Final Answer:\n\nYou are given a text-based representation of a horizontal line. \nThe left end corresponds to 0.0, the right end to 1.0.\n\nHere is the line with the red dot marked as ""O"":\n| ---------------------=------O-- -------|\n\nEstimate the horizontal position of the center of the dot as a decimal number between 0 and 1.\nFinal Answer:\n'}, {'role': 'assistant', 'content': '0.67'}, {'role': 'user', 'content': '\nDo not reason, directly output the answer as a number after Final Answer:\n\nYou are given a text-based representation of a horizontal line. \nThe left end corresponds to 0.0, the right end to 1.0.\n\nHere is the line with the red dot marked as ""O"":\n|----~-----=---- -------------O------- --|\n\nEstimate the horizontal position of the center of the dot as a decimal number between 0 and 1.\nFinal Answer:\n'}, {'role': 'assistant', 'content': '0.63'}, {'role': 'user', 'content': '\nDo not reason, directly output the answer as a number after Final Answer:\n\nYou are given a text-based representation of a horizontal line. \nThe left end corresponds to 0.0, the right end to 1.0.\n\nHere is the line with the red dot marked as ""O"":\n|-=-~-----------~-----O---.---------- ---|\n\nEstimate the horizontal position of the center of the dot as a decimal number between 0 and 1.\nFinal Answer:\n'}, {'role': 'assistant', 'content': '0.55'}, {'role': 'user', 'content': '\nDo not reason, directly output the answer as a number after Final Answer:\n\nYou are given a text-based representation of a horizontal line. \nThe left end corresponds to 0.0, the right end to 1.0.\n\nHere is the line with the red dot marked as ""O"":\n| ------------- ----------O=-------- .---|\n\nEstimate the horizontal position of the center of the dot as a decimal number between 0 and 1.\nFinal Answer:\n'}]",0.48
meta-llama/llama-4-maverick,sample_012,0.88,0.88,0.73,"[{'role': 'system', 'content': 'You are a helpful assistant.'}, {'role': 'user', 'content': '\nDo not reason, directly output the answer as a number after Final Answer:\n\nYou are given a text-based representation of a horizontal line. \nThe left end corresponds to 0.0, the right end to 1.0.\n\nHere is the line with the red dot marked as ""O"":\n|---------.- - --------.------ ----O-----|\n\nEstimate the horizontal position of the center of the dot as a decimal number between 0 and 1.\nFinal Answer:\n'}, {'role': 'assistant', 'content': '0.73'}, {'role': 'user', 'content': '\nDo not reason, directly output the answer as a number after Final Answer:\n\nYou are given a text-based representation of a horizontal line. \nThe left end corresponds to 0.0, the right end to 1.0.\n\nHere is the line with the red dot marked as ""O"":\n| ---------------------=------O-- -------|\n\nEstimate the horizontal position of the center of the dot as a decimal number between 0 and 1.\nFinal Answer:\n'}, {'role': 'assistant', 'content': '0.67'}, {'role': 'user', 'content': '\nDo not reason, directly output the answer as a number after Final Answer:\n\nYou are given a text-based representation of a horizontal line. \nThe left end corresponds to 0.0, the right end to 1.0.\n\nHere is the line with the red dot marked as ""O"":\n|----~-----=---- -------------O------- --|\n\nEstimate the horizontal position of the center of the dot as a decimal number between 0 and 1.\nFinal Answer:\n'}, {'role': 'assistant', 'content': '0.63'}, {'role': 'user', 'content': '\nDo not reason, directly output the answer as a number after Final Answer:\n\nYou are given a text-based representation of a horizontal line. \nThe left end corresponds to 0.0, the right end to 1.0.\n\nHere is the line with the red dot marked as ""O"":\n|-=-~-----------~-----O---.---------- ---|\n\nEstimate the horizontal position of the center of the dot as a decimal number between 0 and 1.\nFinal Answer:\n'}, {'role': 'assistant', 'content': '0.55'}, {'role': 'user', 'content': '\nDo not reason, directly output the answer as a number after Final Answer:\n\nYou are given a text-based representation of a horizontal line. \nThe left end corresponds to 0.0, the right end to 1.0.\n\nHere is the line with the red dot marked as ""O"":\n| ------------- ----------O=-------- .---|\n\nEstimate the horizontal position of the center of the dot as a decimal number between 0 and 1.\nFinal Answer:\n'}, {'role': 'assistant', 'content': '0.48'}, {'role': 'user', 'content': '\nDo not reason, directly output the answer as a number after Final Answer:\n\nYou are given a text-based representation of a horizontal line. \nThe left end corresponds to 0.0, the right end to 1.0.\n\nHere is the line with the red dot marked as ""O"":\n|---------.- - --------.------ ----O-----|\n\nEstimate the horizontal position of the center of the dot as a decimal number between 0 and 1.\nFinal Answer:\n'}]",0.73
meta-llama/llama-4-maverick,sample_013,0.79,0.79,0.63,"[{'role': 'system', 'content': 'You are a helpful assistant.'}, {'role': 'user', 'content': '\nDo not reason, directly output the answer as a number after Final Answer:\n\nYou are given a text-based representation of a horizontal line. \nThe left end corresponds to 0.0, the right end to 1.0.\n\nHere is the line with the red dot marked as ""O"":\n| ---------------------=------O-- -------|\n\nEstimate the horizontal position of the center of the dot as a decimal number between 0 and 1.\nFinal Answer:\n'}]",0.63
meta-llama/llama-4-maverick,sample_014,0.74,0.74,0.7,"[{'role': 'system', 'content': 'You are a helpful assistant.'}, {'role': 'user', 'content': '\nDo not reason, directly output the answer as a number after Final Answer:\n\nYou are given a text-based representation of a horizontal line. \nThe left end corresponds to 0.0, the right end to 1.0.\n\nHere is the line with the red dot marked as ""O"":\n| ---------------------=------O-- -------|\n\nEstimate the horizontal position of the center of the dot as a decimal number between 0 and 1.\nFinal Answer:\n'}, {'role': 'assistant', 'content': '0.63'}, {'role': 'user', 'content': '\nDo not reason, directly output the answer as a number after Final Answer:\n\nYou are given a text-based representation of a horizontal line. \nThe left end corresponds to 0.0, the right end to 1.0.\n\nHere is the line with the red dot marked as ""O"":\n|----~-----=---- -------------O------- --|\n\nEstimate the horizontal position of the center of the dot as a decimal number between 0 and 1.\nFinal Answer:\n'}]",0.7
meta-llama/llama-4-maverick,sample_015,0.56,0.56,0.55,"[{'role': 'system', 'content': 'You are a helpful assistant.'}, {'role': 'user', 'content': '\nDo not reason, directly output the answer as a number after Final Answer:\n\nYou are given a text-based representation of a horizontal line. \nThe left end corresponds to 0.0, the right end to 1.0.\n\nHere is the line with the red dot marked as ""O"":\n| ---------------------=------O-- -------|\n\nEstimate the horizontal position of the center of the dot as a decimal number between 0 and 1.\nFinal Answer:\n'}, {'role': 'assistant', 'content': '0.63'}, {'role': 'user', 'content': '\nDo not reason, directly output the answer as a number after Final Answer:\n\nYou are given a text-based representation of a horizontal line. \nThe left end corresponds to 0.0, the right end to 1.0.\n\nHere is the line with the red dot marked as ""O"":\n|----~-----=---- -------------O------- --|\n\nEstimate the horizontal position of the center of the dot as a decimal number between 0 and 1.\nFinal Answer:\n'}, {'role': 'assistant', 'content': '0.7'}, {'role': 'user', 'content': '\nDo not reason, directly output the answer as a number after Final Answer:\n\nYou are given a text-based representation of a horizontal line. \nThe left end corresponds to 0.0, the right end to 1.0.\n\nHere is the line with the red dot marked as ""O"":\n|-=-~-----------~-----O---.---------- ---|\n\nEstimate the horizontal position of the center of the dot as a decimal number between 0 and 1.\nFinal Answer:\n'}]",0.55
meta-llama/llama-4-maverick,sample_016,0.65,0.65,0.46,"[{'role': 'system', 'content': 'You are a helpful assistant.'}, {'role': 'user', 'content': '\nDo not reason, directly output the answer as a number after Final Answer:\n\nYou are given a text-based representation of a horizontal line. \nThe left end corresponds to 0.0, the right end to 1.0.\n\nHere is the line with the red dot marked as ""O"":\n| ---------------------=------O-- -------|\n\nEstimate the horizontal position of the center of the dot as a decimal number between 0 and 1.\nFinal Answer:\n'}, {'role': 'assistant', 'content': '0.63'}, {'role': 'user', 'content': '\nDo not reason, directly output the answer as a number after Final Answer:\n\nYou are given a text-based representation of a horizontal line. \nThe left end corresponds to 0.0, the right end to 1.0.\n\nHere is the line with the red dot marked as ""O"":\n|----~-----=---- -------------O------- --|\n\nEstimate the horizontal position of the center of the dot as a decimal number between 0 and 1.\nFinal Answer:\n'}, {'role': 'assistant', 'content': '0.7'}, {'role': 'user', 'content': '\nDo not reason, directly output the answer as a number after Final Answer:\n\nYou are given a text-based representation of a horizontal line. \nThe left end corresponds to 0.0, the right end to 1.0.\n\nHere is the line with the red dot marked as ""O"":\n|-=-~-----------~-----O---.---------- ---|\n\nEstimate the horizontal position of the center of the dot as a decimal number between 0 and 1.\nFinal Answer:\n'}, {'role': 'assistant', 'content': '0.55'}, {'role': 'user', 'content': '\nDo not reason, directly output the answer as a number after Final Answer:\n\nYou are given a text-based representation of a horizontal line. \nThe left end corresponds to 0.0, the right end to 1.0.\n\nHere is the line with the red dot marked as ""O"":\n| ------------- ----------O=-------- .---|\n\nEstimate the horizontal position of the center of the dot as a decimal number between 0 and 1.\nFinal Answer:\n'}]",0.46
meta-llama/llama-4-maverick,sample_017,0.88,0.88,0.67,"[{'role': 'system', 'content': 'You are a helpful assistant.'}, {'role': 'user', 'content': '\nDo not reason, directly output the answer as a number after Final Answer:\n\nYou are given a text-based representation of a horizontal line. \nThe left end corresponds to 0.0, the right end to 1.0.\n\nHere is the line with the red dot marked as ""O"":\n| ---------------------=------O-- -------|\n\nEstimate the horizontal position of the center of the dot as a decimal number between 0 and 1.\nFinal Answer:\n'}, {'role': 'assistant', 'content': '0.63'}, {'role': 'user', 'content': '\nDo not reason, directly output the answer as a number after Final Answer:\n\nYou are given a text-based representation of a horizontal line. \nThe left end corresponds to 0.0, the right end to 1.0.\n\nHere is the line with the red dot marked as ""O"":\n|----~-----=---- -------------O------- --|\n\nEstimate the horizontal position of the center of the dot as a decimal number between 0 and 1.\nFinal Answer:\n'}, {'role': 'assistant', 'content': '0.7'}, {'role': 'user', 'content': '\nDo not reason, directly output the answer as a number after Final Answer:\n\nYou are given a text-based representation of a horizontal line. \nThe left end corresponds to 0.0, the right end to 1.0.\n\nHere is the line with the red dot marked as ""O"":\n|-=-~-----------~-----O---.---------- ---|\n\nEstimate the horizontal position of the center of the dot as a decimal number between 0 and 1.\nFinal Answer:\n'}, {'role': 'assistant', 'content': '0.55'}, {'role': 'user', 'content': '\nDo not reason, directly output the answer as a number after Final Answer:\n\nYou are given a text-based representation of a horizontal line. \nThe left end corresponds to 0.0, the right end to 1.0.\n\nHere is the line with the red dot marked as ""O"":\n| ------------- ----------O=-------- .---|\n\nEstimate the horizontal position of the center of the dot as a decimal number between 0 and 1.\nFinal Answer:\n'}, {'role': 'assistant', 'content': '0.46'}, {'role': 'user', 'content': '\nDo not reason, directly output the answer as a number after Final Answer:\n\nYou are given a text-based representation of a horizontal line. \nThe left end corresponds to 0.0, the right end to 1.0.\n\nHere is the line with the red dot marked as ""O"":\n|---------.- - --------.------ ----O-----|\n\nEstimate the horizontal position of the center of the dot as a decimal number between 0 and 1.\nFinal Answer:\n'}]",0.67
meta-llama/llama-4-maverick,sample_018,0.79,0.79,0.63,"[{'role': 'system', 'content': 'You are a helpful assistant.'}, {'role': 'user', 'content': '\nDo not reason, directly output the answer as a number after Final Answer:\n\nYou are given a text-based representation of a horizontal line. \nThe left end corresponds to 0.0, the right end to 1.0.\n\nHere is the line with the red dot marked as ""O"":\n| ---------------------=------O-- -------|\n\nEstimate the horizontal position of the center of the dot as a decimal number between 0 and 1.\nFinal Answer:\n'}, {'role': 'assistant', 'content': '0.63'}, {'role': 'user', 'content': '\nDo not reason, directly output the answer as a number after Final Answer:\n\nYou are given a text-based representation of a horizontal line. \nThe left end corresponds to 0.0, the right end to 1.0.\n\nHere is the line with the red dot marked as ""O"":\n|----~-----=---- -------------O------- --|\n\nEstimate the horizontal position of the center of the dot as a decimal number between 0 and 1.\nFinal Answer:\n'}, {'role': 'assistant', 'content': '0.7'}, {'role': 'user', 'content': '\nDo not reason, directly output the answer as a number after Final Answer:\n\nYou are given a text-based representation of a horizontal line. \nThe left end corresponds to 0.0, the right end to 1.0.\n\nHere is the line with the red dot marked as ""O"":\n|-=-~-----------~-----O---.---------- ---|\n\nEstimate the horizontal position of the center of the dot as a decimal number between 0 and 1.\nFinal Answer:\n'}, {'role': 'assistant', 'content': '0.55'}, {'role': 'user', 'content': '\nDo not reason, directly output the answer as a number after Final Answer:\n\nYou are given a text-based representation of a horizontal line. \nThe left end corresponds to 0.0, the right end to 1.0.\n\nHere is the line with the red dot marked as ""O"":\n| ------------- ----------O=-------- .---|\n\nEstimate the horizontal position of the center of the dot as a decimal number between 0 and 1.\nFinal Answer:\n'}, {'role': 'assistant', 'content': '0.46'}, {'role': 'user', 'content': '\nDo not reason, directly output the answer as a number after Final Answer:\n\nYou are given a text-based representation of a horizontal line. \nThe left end corresponds to 0.0, the right end to 1.0.\n\nHere is the line with the red dot marked as ""O"":\n|---------.- - --------.------ ----O-----|\n\nEstimate the horizontal position of the center of the dot as a decimal number between 0 and 1.\nFinal Answer:\n'}, {'role': 'assistant', 'content': '0.67'}, {'role': 'user', 'content': '\nDo not reason, directly output the answer as a number after Final Answer:\n\nYou are given a text-based representation of a horizontal line. \nThe left end corresponds to 0.0, the right end to 1.0.\n\nHere is the line with the red dot marked as ""O"":\n| ---------------------=------O-- -------|\n\nEstimate the horizontal position of the center of the dot as a decimal number between 0 and 1.\nFinal Answer:\n'}]",0.63
meta-llama/llama-4-maverick,sample_019,0.74,0.74,0.73,"[{'role': 'system', 'content': 'You are a helpful assistant.'}, {'role': 'user', 'content': '\nDo not reason, directly output the answer as a number after Final Answer:\n\nYou are given a text-based representation of a horizontal line. \nThe left end corresponds to 0.0, the right end to 1.0.\n\nHere is the line with the red dot marked as ""O"":\n|----~-----=---- -------------O------- --|\n\nEstimate the horizontal position of the center of the dot as a decimal number between 0 and 1.\nFinal Answer:\n'}]",0.73
meta-llama/llama-4-maverick,sample_020,0.56,0.56,0.58,"[{'role': 'system', 'content': 'You are a helpful assistant.'}, {'role': 'user', 'content': '\nDo not reason, directly output the answer as a number after Final Answer:\n\nYou are given a text-based representation of a horizontal line. \nThe left end corresponds to 0.0, the right end to 1.0.\n\nHere is the line with the red dot marked as ""O"":\n|----~-----=---- -------------O------- --|\n\nEstimate the horizontal position of the center of the dot as a decimal number between 0 and 1.\nFinal Answer:\n'}, {'role': 'assistant', 'content': '0.73'}, {'role': 'user', 'content': '\nDo not reason, directly output the answer as a number after Final Answer:\n\nYou are given a text-based representation of a horizontal line. \nThe left end corresponds to 0.0, the right end to 1.0.\n\nHere is the line with the red dot marked as ""O"":\n|-=-~-----------~-----O---.---------- ---|\n\nEstimate the horizontal position of the center of the dot as a decimal number between 0 and 1.\nFinal Answer:\n'}]",0.58
meta-llama/llama-4-maverick,sample_021,0.65,0.65,0.63,"[{'role': 'system', 'content': 'You are a helpful assistant.'}, {'role': 'user', 'content': '\nDo not reason, directly output the answer as a number after Final Answer:\n\nYou are given a text-based representation of a horizontal line. \nThe left end corresponds to 0.0, the right end to 1.0.\n\nHere is the line with the red dot marked as ""O"":\n|----~-----=---- -------------O------- --|\n\nEstimate the horizontal position of the center of the dot as a decimal number between 0 and 1.\nFinal Answer:\n'}, {'role': 'assistant', 'content': '0.73'}, {'role': 'user', 'content': '\nDo not reason, directly output the answer as a number after Final Answer:\n\nYou are given a text-based representation of a horizontal line. \nThe left end corresponds to 0.0, the right end to 1.0.\n\nHere is the line with the red dot marked as ""O"":\n|-=-~-----------~-----O---.---------- ---|\n\nEstimate the horizontal position of the center of the dot as a decimal number between 0 and 1.\nFinal Answer:\n'}, {'role': 'assistant', 'content': '0.58'}, {'role': 'user', 'content': '\nDo not reason, directly output the answer as a number after Final Answer:\n\nYou are given a text-based representation of a horizontal line. \nThe left end corresponds to 0.0, the right end to 1.0.\n\nHere is the line with the red dot marked as ""O"":\n| ------------- ----------O=-------- .---|\n\nEstimate the horizontal position of the center of the dot as a decimal number between 0 and 1.\nFinal Answer:\n'}]",0.63
meta-llama/llama-4-maverick,sample_022,0.88,0.88,0.7,"[{'role': 'system', 'content': 'You are a helpful assistant.'}, {'role': 'user', 'content': '\nDo not reason, directly output the answer as a number after Final Answer:\n\nYou are given a text-based representation of a horizontal line. \nThe left end corresponds to 0.0, the right end to 1.0.\n\nHere is the line with the red dot marked as ""O"":\n|----~-----=---- -------------O------- --|\n\nEstimate the horizontal position of the center of the dot as a decimal number between 0 and 1.\nFinal Answer:\n'}, {'role': 'assistant', 'content': '0.73'}, {'role': 'user', 'content': '\nDo not reason, directly output the answer as a number after Final Answer:\n\nYou are given a text-based representation of a horizontal line. \nThe left end corresponds to 0.0, the right end to 1.0.\n\nHere is the line with the red dot marked as ""O"":\n|-=-~-----------~-----O---.---------- ---|\n\nEstimate the horizontal position of the center of the dot as a decimal number between 0 and 1.\nFinal Answer:\n'}, {'role': 'assistant', 'content': '0.58'}, {'role': 'user', 'content': '\nDo not reason, directly output the answer as a number after Final Answer:\n\nYou are given a text-based representation of a horizontal line. \nThe left end corresponds to 0.0, the right end to 1.0.\n\nHere is the line with the red dot marked as ""O"":\n| ------------- ----------O=-------- .---|\n\nEstimate the horizontal position of the center of the dot as a decimal number between 0 and 1.\nFinal Answer:\n'}, {'role': 'assistant', 'content': '0.63'}, {'role': 'user', 'content': '\nDo not reason, directly output the answer as a number after Final Answer:\n\nYou are given a text-based representation of a horizontal line. \nThe left end corresponds to 0.0, the right end to 1.0.\n\nHere is the line with the red dot marked as ""O"":\n|---------.- - --------.------ ----O-----|\n\nEstimate the horizontal position of the center of the dot as a decimal number between 0 and 1.\nFinal Answer:\n'}]",0.7
meta-llama/llama-4-maverick,sample_023,0.79,0.79,0.62,"[{'role': 'system', 'content': 'You are a helpful assistant.'}, {'role': 'user', 'content': '\nDo not reason, directly output the answer as a number after Final Answer:\n\nYou are given a text-based representation of a horizontal line. \nThe left end corresponds to 0.0, the right end to 1.0.\n\nHere is the line with the red dot marked as ""O"":\n|----~-----=---- -------------O------- --|\n\nEstimate the horizontal position of the center of the dot as a decimal number between 0 and 1.\nFinal Answer:\n'}, {'role': 'assistant', 'content': '0.73'}, {'role': 'user', 'content': '\nDo not reason, directly output the answer as a number after Final Answer:\n\nYou are given a text-based representation of a horizontal line. \nThe left end corresponds to 0.0, the right end to 1.0.\n\nHere is the line with the red dot marked as ""O"":\n|-=-~-----------~-----O---.---------- ---|\n\nEstimate the horizontal position of the center of the dot as a decimal number between 0 and 1.\nFinal Answer:\n'}, {'role': 'assistant', 'content': '0.58'}, {'role': 'user', 'content': '\nDo not reason, directly output the answer as a number after Final Answer:\n\nYou are given a text-based representation of a horizontal line. \nThe left end corresponds to 0.0, the right end to 1.0.\n\nHere is the line with the red dot marked as ""O"":\n| ------------- ----------O=-------- .---|\n\nEstimate the horizontal position of the center of the dot as a decimal number between 0 and 1.\nFinal Answer:\n'}, {'role': 'assistant', 'content': '0.63'}, {'role': 'user', 'content': '\nDo not reason, directly output the answer as a number after Final Answer:\n\nYou are given a text-based representation of a horizontal line. \nThe left end corresponds to 0.0, the right end to 1.0.\n\nHere is the line with the red dot marked as ""O"":\n|---------.- - --------.------ ----O-----|\n\nEstimate the horizontal position of the center of the dot as a decimal number between 0 and 1.\nFinal Answer:\n'}, {'role': 'assistant', 'content': '0.7'}, {'role': 'user', 'content': '\nDo not reason, directly output the answer as a number after Final Answer:\n\nYou are given a text-based representation of a horizontal line. \nThe left end corresponds to 0.0, the right end to 1.0.\n\nHere is the line with the red dot marked as ""O"":\n| ---------------------=------O-- -------|\n\nEstimate the horizontal position of the center of the dot as a decimal number between 0 and 1.\nFinal Answer:\n'}]",0.62
meta-llama/llama-4-maverick,sample_024,0.74,0.74,0.73,"[{'role': 'system', 'content': 'You are a helpful assistant.'}, {'role': 'user', 'content': '\nDo not reason, directly output the answer as a number after Final Answer:\n\nYou are given a text-based representation of a horizontal line. \nThe left end corresponds to 0.0, the right end to 1.0.\n\nHere is the line with the red dot marked as ""O"":\n|----~-----=---- -------------O------- --|\n\nEstimate the horizontal position of the center of the dot as a decimal number between 0 and 1.\nFinal Answer:\n'}, {'role': 'assistant', 'content': '0.73'}, {'role': 'user', 'content': '\nDo not reason, directly output the answer as a number after Final Answer:\n\nYou are given a text-based representation of a horizontal line. \nThe left end corresponds to 0.0, the right end to 1.0.\n\nHere is the line with the red dot marked as ""O"":\n|-=-~-----------~-----O---.---------- ---|\n\nEstimate the horizontal position of the center of the dot as a decimal number between 0 and 1.\nFinal Answer:\n'}, {'role': 'assistant', 'content': '0.58'}, {'role': 'user', 'content': '\nDo not reason, directly output the answer as a number after Final Answer:\n\nYou are given a text-based representation of a horizontal line. \nThe left end corresponds to 0.0, the right end to 1.0.\n\nHere is the line with the red dot marked as ""O"":\n| ------------- ----------O=-------- .---|\n\nEstimate the horizontal position of the center of the dot as a decimal number between 0 and 1.\nFinal Answer:\n'}, {'role': 'assistant', 'content': '0.63'}, {'role': 'user', 'content': '\nDo not reason, directly output the answer as a number after Final Answer:\n\nYou are given a text-based representation of a horizontal line. \nThe left end corresponds to 0.0, the right end to 1.0.\n\nHere is the line with the red dot marked as ""O"":\n|---------.- - --------.------ ----O-----|\n\nEstimate the horizontal position of the center of the dot as a decimal number between 0 and 1.\nFinal Answer:\n'}, {'role': 'assistant', 'content': '0.7'}, {'role': 'user', 'content': '\nDo not reason, directly output the answer as a number after Final Answer:\n\nYou are given a text-based representation of a horizontal line. \nThe left end corresponds to 0.0, the right end to 1.0.\n\nHere is the line with the red dot marked as ""O"":\n| ---------------------=------O-- -------|\n\nEstimate the horizontal position of the center of the dot as a decimal number between 0 and 1.\nFinal Answer:\n'}, {'role': 'assistant', 'content': '0.62'}, {'role': 'user', 'content': '\nDo not reason, directly output the answer as a number after Final Answer:\n\nYou are given a text-based representation of a horizontal line. \nThe left end corresponds to 0.0, the right end to 1.0.\n\nHere is the line with the red dot marked as ""O"":\n|----~-----=---- -------------O------- --|\n\nEstimate the horizontal position of the center of the dot as a decimal number between 0 and 1.\nFinal Answer:\n'}]",0.73
meta-llama/llama-4-maverick,sample_025,0.56,0.56,0.73,"[{'role': 'system', 'content': 'You are a helpful assistant.'}, {'role': 'user', 'content': '\nDo not reason, directly output the answer as a number after Final Answer:\n\nYou are given a text-based representation of a horizontal line. \nThe left end corresponds to 0.0, the right end to 1.0.\n\nHere is the line with the red dot marked as ""O"":\n|-=-~-----------~-----O---.---------- ---|\n\nEstimate the horizontal position of the center of the dot as a decimal number between 0 and 1.\nFinal Answer:\n'}]",0.73
meta-llama/llama-4-maverick,sample_026,0.65,0.65,0.7,"[{'role': 'system', 'content': 'You are a helpful assistant.'}, {'role': 'user', 'content': '\nDo not reason, directly output the answer as a number after Final Answer:\n\nYou are given a text-based representation of a horizontal line. \nThe left end corresponds to 0.0, the right end to 1.0.\n\nHere is the line with the red dot marked as ""O"":\n|-=-~-----------~-----O---.---------- ---|\n\nEstimate the horizontal position of the center of the dot as a decimal number between 0 and 1.\nFinal Answer:\n'}, {'role': 'assistant', 'content': '0.73'}, {'role': 'user', 'content': '\nDo not reason, directly output the answer as a number after Final Answer:\n\nYou are given a text-based representation of a horizontal line. \nThe left end corresponds to 0.0, the right end to 1.0.\n\nHere is the line with the red dot marked as ""O"":\n| ------------- ----------O=-------- .---|\n\nEstimate the horizontal position of the center of the dot as a decimal number between 0 and 1.\nFinal Answer:\n'}]",0.7
meta-llama/llama-4-maverick,sample_027,0.88,0.88,0.67,"[{'role': 'system', 'content': 'You are a helpful assistant.'}, {'role': 'user', 'content': '\nDo not reason, directly output the answer as a number after Final Answer:\n\nYou are given a text-based representation of a horizontal line. \nThe left end corresponds to 0.0, the right end to 1.0.\n\nHere is the line with the red dot marked as ""O"":\n|-=-~-----------~-----O---.---------- ---|\n\nEstimate the horizontal position of the center of the dot as a decimal number between 0 and 1.\nFinal Answer:\n'}, {'role': 'assistant', 'content': '0.73'}, {'role': 'user', 'content': '\nDo not reason, directly output the answer as a number after Final Answer:\n\nYou are given a text-based representation of a horizontal line. \nThe left end corresponds to 0.0, the right end to 1.0.\n\nHere is the line with the red dot marked as ""O"":\n| ------------- ----------O=-------- .---|\n\nEstimate the horizontal position of the center of the dot as a decimal number between 0 and 1.\nFinal Answer:\n'}, {'role': 'assistant', 'content': '0.7'}, {'role': 'user', 'content': '\nDo not reason, directly output the answer as a number after Final Answer:\n\nYou are given a text-based representation of a horizontal line. \nThe left end corresponds to 0.0, the right end to 1.0.\n\nHere is the line with the red dot marked as ""O"":\n|---------.- - --------.------ ----O-----|\n\nEstimate the horizontal position of the center of the dot as a decimal number between 0 and 1.\nFinal Answer:\n'}]",0.67
meta-llama/llama-4-maverick,sample_028,0.79,0.79,0.63,"[{'role': 'system', 'content': 'You are a helpful assistant.'}, {'role': 'user', 'content': '\nDo not reason, directly output the answer as a number after Final Answer:\n\nYou are given a text-based representation of a horizontal line. \nThe left end corresponds to 0.0, the right end to 1.0.\n\nHere is the line with the red dot marked as ""O"":\n|-=-~-----------~-----O---.---------- ---|\n\nEstimate the horizontal position of the center of the dot as a decimal number between 0 and 1.\nFinal Answer:\n'}, {'role': 'assistant', 'content': '0.73'}, {'role': 'user', 'content': '\nDo not reason, directly output the answer as a number after Final Answer:\n\nYou are given a text-based representation of a horizontal line. \nThe left end corresponds to 0.0, the right end to 1.0.\n\nHere is the line with the red dot marked as ""O"":\n| ------------- ----------O=-------- .---|\n\nEstimate the horizontal position of the center of the dot as a decimal number between 0 and 1.\nFinal Answer:\n'}, {'role': 'assistant', 'content': '0.7'}, {'role': 'user', 'content': '\nDo not reason, directly output the answer as a number after Final Answer:\n\nYou are given a text-based representation of a horizontal line. \nThe left end corresponds to 0.0, the right end to 1.0.\n\nHere is the line with the red dot marked as ""O"":\n|---------.- - --------.------ ----O-----|\n\nEstimate the horizontal position of the center of the dot as a decimal number between 0 and 1.\nFinal Answer:\n'}, {'role': 'assistant', 'content': '0.67'}, {'role': 'user', 'content': '\nDo not reason, directly output the answer as a number after Final Answer:\n\nYou are given a text-based representation of a horizontal line. \nThe left end corresponds to 0.0, the right end to 1.0.\n\nHere is the line with the red dot marked as ""O"":\n| ---------------------=------O-- -------|\n\nEstimate the horizontal position of the center of the dot as a decimal number between 0 and 1.\nFinal Answer:\n'}]",0.63
meta-llama/llama-4-maverick,sample_029,0.74,0.74,0.64,"[{'role': 'system', 'content': 'You are a helpful assistant.'}, {'role': 'user', 'content': '\nDo not reason, directly output the answer as a number after Final Answer:\n\nYou are given a text-based representation of a horizontal line. \nThe left end corresponds to 0.0, the right end to 1.0.\n\nHere is the line with the red dot marked as ""O"":\n|-=-~-----------~-----O---.---------- ---|\n\nEstimate the horizontal position of the center of the dot as a decimal number between 0 and 1.\nFinal Answer:\n'}, {'role': 'assistant', 'content': '0.73'}, {'role': 'user', 'content': '\nDo not reason, directly output the answer as a number after Final Answer:\n\nYou are given a text-based representation of a horizontal line. \nThe left end corresponds to 0.0, the right end to 1.0.\n\nHere is the line with the red dot marked as ""O"":\n| ------------- ----------O=-------- .---|\n\nEstimate the horizontal position of the center of the dot as a decimal number between 0 and 1.\nFinal Answer:\n'}, {'role': 'assistant', 'content': '0.7'}, {'role': 'user', 'content': '\nDo not reason, directly output the answer as a number after Final Answer:\n\nYou are given a text-based representation of a horizontal line. \nThe left end corresponds to 0.0, the right end to 1.0.\n\nHere is the line with the red dot marked as ""O"":\n|---------.- - --------.------ ----O-----|\n\nEstimate the horizontal position of the center of the dot as a decimal number between 0 and 1.\nFinal Answer:\n'}, {'role': 'assistant', 'content': '0.67'}, {'role': 'user', 'content': '\nDo not reason, directly output the answer as a number after Final Answer:\n\nYou are given a text-based representation of a horizontal line. \nThe left end corresponds to 0.0, the right end to 1.0.\n\nHere is the line with the red dot marked as ""O"":\n| ---------------------=------O-- -------|\n\nEstimate the horizontal position of the center of the dot as a decimal number between 0 and 1.\nFinal Answer:\n'}, {'role': 'assistant', 'content': '0.63'}, {'role': 'user', 'content': '\nDo not reason, directly output the answer as a number after Final Answer:\n\nYou are given a text-based representation of a horizontal line. \nThe left end corresponds to 0.0, the right end to 1.0.\n\nHere is the line with the red dot marked as ""O"":\n|----~-----=---- -------------O------- --|\n\nEstimate the horizontal position of the center of the dot as a decimal number between 0 and 1.\nFinal Answer:\n'}]",0.64
meta-llama/llama-4-maverick,sample_030,0.56,0.56,0.73,"[{'role': 'system', 'content': 'You are a helpful assistant.'}, {'role': 'user', 'content': '\nDo not reason, directly output the answer as a number after Final Answer:\n\nYou are given a text-based representation of a horizontal line. \nThe left end corresponds to 0.0, the right end to 1.0.\n\nHere is the line with the red dot marked as ""O"":\n|-=-~-----------~-----O---.---------- ---|\n\nEstimate the horizontal position of the center of the dot as a decimal number between 0 and 1.\nFinal Answer:\n'}, {'role': 'assistant', 'content': '0.73'}, {'role': 'user', 'content': '\nDo not reason, directly output the answer as a number after Final Answer:\n\nYou are given a text-based representation of a horizontal line. \nThe left end corresponds to 0.0, the right end to 1.0.\n\nHere is the line with the red dot marked as ""O"":\n| ------------- ----------O=-------- .---|\n\nEstimate the horizontal position of the center of the dot as a decimal number between 0 and 1.\nFinal Answer:\n'}, {'role': 'assistant', 'content': '0.7'}, {'role': 'user', 'content': '\nDo not reason, directly output the answer as a number after Final Answer:\n\nYou are given a text-based representation of a horizontal line. \nThe left end corresponds to 0.0, the right end to 1.0.\n\nHere is the line with the red dot marked as ""O"":\n|---------.- - --------.------ ----O-----|\n\nEstimate the horizontal position of the center of the dot as a decimal number between 0 and 1.\nFinal Answer:\n'}, {'role': 'assistant', 'content': '0.67'}, {'role': 'user', 'content': '\nDo not reason, directly output the answer as a number after Final Answer:\n\nYou are given a text-based representation of a horizontal line. \nThe left end corresponds to 0.0, the right end to 1.0.\n\nHere is the line with the red dot marked as ""O"":\n| ---------------------=------O-- -------|\n\nEstimate the horizontal position of the center of the dot as a decimal number between 0 and 1.\nFinal Answer:\n'}, {'role': 'assistant', 'content': '0.63'}, {'role': 'user', 'content': '\nDo not reason, directly output the answer as a number after Final Answer:\n\nYou are given a text-based representation of a horizontal line. \nThe left end corresponds to 0.0, the right end to 1.0.\n\nHere is the line with the red dot marked as ""O"":\n|----~-----=---- -------------O------- --|\n\nEstimate the horizontal position of the center of the dot as a decimal number between 0 and 1.\nFinal Answer:\n'}, {'role': 'assistant', 'content': '0.64'}, {'role': 'user', 'content': '\nDo not reason, directly output the answer as a number after Final Answer:\n\nYou are given a text-based representation of a horizontal line. \nThe left end corresponds to 0.0, the right end to 1.0.\n\nHere is the line with the red dot marked as ""O"":\n|-=-~-----------~-----O---.---------- ---|\n\nEstimate the horizontal position of the center of the dot as a decimal number between 0 and 1.\nFinal Answer:\n'}]",0.73
meta-llama/llama-4-maverick,sample_031,0.65,0.65,0.7,"[{'role': 'system', 'content': 'You are a helpful assistant.'}, {'role': 'user', 'content': '\nDo not reason, directly output the answer as a number after Final Answer:\n\nYou are given a text-based representation of a horizontal line. \nThe left end corresponds to 0.0, the right end to 1.0.\n\nHere is the line with the red dot marked as ""O"":\n| ------------- ----------O=-------- .---|\n\nEstimate the horizontal position of the center of the dot as a decimal number between 0 and 1.\nFinal Answer:\n'}]",0.7
meta-llama/llama-4-maverick,sample_032,0.88,0.88,0.66,"[{'role': 'system', 'content': 'You are a helpful assistant.'}, {'role': 'user', 'content': '\nDo not reason, directly output the answer as a number after Final Answer:\n\nYou are given a text-based representation of a horizontal line. \nThe left end corresponds to 0.0, the right end to 1.0.\n\nHere is the line with the red dot marked as ""O"":\n| ------------- ----------O=-------- .---|\n\nEstimate the horizontal position of the center of the dot as a decimal number between 0 and 1.\nFinal Answer:\n'}, {'role': 'assistant', 'content': '0.7'}, {'role': 'user', 'content': '\nDo not reason, directly output the answer as a number after Final Answer:\n\nYou are given a text-based representation of a horizontal line. \nThe left end corresponds to 0.0, the right end to 1.0.\n\nHere is the line with the red dot marked as ""O"":\n|---------.- - --------.------ ----O-----|\n\nEstimate the horizontal position of the center of the dot as a decimal number between 0 and 1.\nFinal Answer:\n'}]",0.66
meta-llama/llama-4-maverick,sample_033,0.79,0.79,0.63,"[{'role': 'system', 'content': 'You are a helpful assistant.'}, {'role': 'user', 'content': '\nDo not reason, directly output the answer as a number after Final Answer:\n\nYou are given a text-based representation of a horizontal line. \nThe left end corresponds to 0.0, the right end to 1.0.\n\nHere is the line with the red dot marked as ""O"":\n| ------------- ----------O=-------- .---|\n\nEstimate the horizontal position of the center of the dot as a decimal number between 0 and 1.\nFinal Answer:\n'}, {'role': 'assistant', 'content': '0.7'}, {'role': 'user', 'content': '\nDo not reason, directly output the answer as a number after Final Answer:\n\nYou are given a text-based representation of a horizontal line. \nThe left end corresponds to 0.0, the right end to 1.0.\n\nHere is the line with the red dot marked as ""O"":\n|---------.- - --------.------ ----O-----|\n\nEstimate the horizontal position of the center of the dot as a decimal number between 0 and 1.\nFinal Answer:\n'}, {'role': 'assistant', 'content': '0.66'}, {'role': 'user', 'content': '\nDo not reason, directly output the answer as a number after Final Answer:\n\nYou are given a text-based representation of a horizontal line. \nThe left end corresponds to 0.0, the right end to 1.0.\n\nHere is the line with the red dot marked as ""O"":\n| ---------------------=------O-- -------|\n\nEstimate the horizontal position of the center of the dot as a decimal number between 0 and 1.\nFinal Answer:\n'}]",0.63
meta-llama/llama-4-maverick,sample_034,0.74,0.74,0.7,"[{'role': 'system', 'content': 'You are a helpful assistant.'}, {'role': 'user', 'content': '\nDo not reason, directly output the answer as a number after Final Answer:\n\nYou are given a text-based representation of a horizontal line. \nThe left end corresponds to 0.0, the right end to 1.0.\n\nHere is the line with the red dot marked as ""O"":\n| ------------- ----------O=-------- .---|\n\nEstimate the horizontal position of the center of the dot as a decimal number between 0 and 1.\nFinal Answer:\n'}, {'role': 'assistant', 'content': '0.7'}, {'role': 'user', 'content': '\nDo not reason, directly output the answer as a number after Final Answer:\n\nYou are given a text-based representation of a horizontal line. \nThe left end corresponds to 0.0, the right end to 1.0.\n\nHere is the line with the red dot marked as ""O"":\n|---------.- - --------.------ ----O-----|\n\nEstimate the horizontal position of the center of the dot as a decimal number between 0 and 1.\nFinal Answer:\n'}, {'role': 'assistant', 'content': '0.66'}, {'role': 'user', 'content': '\nDo not reason, directly output the answer as a number after Final Answer:\n\nYou are given a text-based representation of a horizontal line. \nThe left end corresponds to 0.0, the right end to 1.0.\n\nHere is the line with the red dot marked as ""O"":\n| ---------------------=------O-- -------|\n\nEstimate the horizontal position of the center of the dot as a decimal number between 0 and 1.\nFinal Answer:\n'}, {'role': 'assistant', 'content': '0.63'}, {'role': 'user', 'content': '\nDo not reason, directly output the answer as a number after Final Answer:\n\nYou are given a text-based representation of a horizontal line. \nThe left end corresponds to 0.0, the right end to 1.0.\n\nHere is the line with the red dot marked as ""O"":\n|----~-----=---- -------------O------- --|\n\nEstimate the horizontal position of the center of the dot as a decimal number between 0 and 1.\nFinal Answer:\n'}]",0.7
meta-llama/llama-4-maverick,sample_035,0.56,0.56,0.55,"[{'role': 'system', 'content': 'You are a helpful assistant.'}, {'role': 'user', 'content': '\nDo not reason, directly output the answer as a number after Final Answer:\n\nYou are given a text-based representation of a horizontal line. \nThe left end corresponds to 0.0, the right end to 1.0.\n\nHere is the line with the red dot marked as ""O"":\n| ------------- ----------O=-------- .---|\n\nEstimate the horizontal position of the center of the dot as a decimal number between 0 and 1.\nFinal Answer:\n'}, {'role': 'assistant', 'content': '0.7'}, {'role': 'user', 'content': '\nDo not reason, directly output the answer as a number after Final Answer:\n\nYou are given a text-based representation of a horizontal line. \nThe left end corresponds to 0.0, the right end to 1.0.\n\nHere is the line with the red dot marked as ""O"":\n|---------.- - --------.------ ----O-----|\n\nEstimate the horizontal position of the center of the dot as a decimal number between 0 and 1.\nFinal Answer:\n'}, {'role': 'assistant', 'content': '0.66'}, {'role': 'user', 'content': '\nDo not reason, directly output the answer as a number after Final Answer:\n\nYou are given a text-based representation of a horizontal line. \nThe left end corresponds to 0.0, the right end to 1.0.\n\nHere is the line with the red dot marked as ""O"":\n| ---------------------=------O-- -------|\n\nEstimate the horizontal position of the center of the dot as a decimal number between 0 and 1.\nFinal Answer:\n'}, {'role': 'assistant', 'content': '0.63'}, {'role': 'user', 'content': '\nDo not reason, directly output the answer as a number after Final Answer:\n\nYou are given a text-based representation of a horizontal line. \nThe left end corresponds to 0.0, the right end to 1.0.\n\nHere is the line with the red dot marked as ""O"":\n|----~-----=---- -------------O------- --|\n\nEstimate the horizontal position of the center of the dot as a decimal number between 0 and 1.\nFinal Answer:\n'}, {'role': 'assistant', 'content': '0.7'}, {'role': 'user', 'content': '\nDo not reason, directly output the answer as a number after Final Answer:\n\nYou are given a text-based representation of a horizontal line. \nThe left end corresponds to 0.0, the right end to 1.0.\n\nHere is the line with the red dot marked as ""O"":\n|-=-~-----------~-----O---.---------- ---|\n\nEstimate the horizontal position of the center of the dot as a decimal number between 0 and 1.\nFinal Answer:\n'}]",0.55
meta-llama/llama-4-maverick,sample_036,0.65,0.65,0.7,"[{'role': 'system', 'content': 'You are a helpful assistant.'}, {'role': 'user', 'content': '\nDo not reason, directly output the answer as a number after Final Answer:\n\nYou are given a text-based representation of a horizontal line. \nThe left end corresponds to 0.0, the right end to 1.0.\n\nHere is the line with the red dot marked as ""O"":\n| ------------- ----------O=-------- .---|\n\nEstimate the horizontal position of the center of the dot as a decimal number between 0 and 1.\nFinal Answer:\n'}, {'role': 'assistant', 'content': '0.7'}, {'role': 'user', 'content': '\nDo not reason, directly output the answer as a number after Final Answer:\n\nYou are given a text-based representation of a horizontal line. \nThe left end corresponds to 0.0, the right end to 1.0.\n\nHere is the line with the red dot marked as ""O"":\n|---------.- - --------.------ ----O-----|\n\nEstimate the horizontal position of the center of the dot as a decimal number between 0 and 1.\nFinal Answer:\n'}, {'role': 'assistant', 'content': '0.66'}, {'role': 'user', 'content': '\nDo not reason, directly output the answer as a number after Final Answer:\n\nYou are given a text-based representation of a horizontal line. \nThe left end corresponds to 0.0, the right end to 1.0.\n\nHere is the line with the red dot marked as ""O"":\n| ---------------------=------O-- -------|\n\nEstimate the horizontal position of the center of the dot as a decimal number between 0 and 1.\nFinal Answer:\n'}, {'role': 'assistant', 'content': '0.63'}, {'role': 'user', 'content': '\nDo not reason, directly output the answer as a number after Final Answer:\n\nYou are given a text-based representation of a horizontal line. \nThe left end corresponds to 0.0, the right end to 1.0.\n\nHere is the line with the red dot marked as ""O"":\n|----~-----=---- -------------O------- --|\n\nEstimate the horizontal position of the center of the dot as a decimal number between 0 and 1.\nFinal Answer:\n'}, {'role': 'assistant', 'content': '0.7'}, {'role': 'user', 'content': '\nDo not reason, directly output the answer as a number after Final Answer:\n\nYou are given a text-based representation of a horizontal line. \nThe left end corresponds to 0.0, the right end to 1.0.\n\nHere is the line with the red dot marked as ""O"":\n|-=-~-----------~-----O---.---------- ---|\n\nEstimate the horizontal position of the center of the dot as a decimal number between 0 and 1.\nFinal Answer:\n'}, {'role': 'assistant', 'content': '0.55'}, {'role': 'user', 'content': '\nDo not reason, directly output the answer as a number after Final Answer:\n\nYou are given a text-based representation of a horizontal line. \nThe left end corresponds to 0.0, the right end to 1.0.\n\nHere is the line with the red dot marked as ""O"":\n| ------------- ----------O=-------- .---|\n\nEstimate the horizontal position of the center of the dot as a decimal number between 0 and 1.\nFinal Answer:\n'}]",0.7
meta-llama/llama-4-maverick,sample_037,0.88,0.88,0.7,"[{'role': 'system', 'content': 'You are a helpful assistant.'}, {'role': 'user', 'content': '\nDo not reason, directly output the answer as a number after Final Answer:\n\nYou are given a text-based representation of a horizontal line. \nThe left end corresponds to 0.0, the right end to 1.0.\n\nHere is the line with the red dot marked as ""O"":\n|---------.- - --------.------ ----O-----|\n\nEstimate the horizontal position of the center of the dot as a decimal number between 0 and 1.\nFinal Answer:\n'}]",0.7
meta-llama/llama-4-maverick,sample_038,0.79,0.79,0.63,"[{'role': 'system', 'content': 'You are a helpful assistant.'}, {'role': 'user', 'content': '\nDo not reason, directly output the answer as a number after Final Answer:\n\nYou are given a text-based representation of a horizontal line. \nThe left end corresponds to 0.0, the right end to 1.0.\n\nHere is the line with the red dot marked as ""O"":\n|---------.- - --------.------ ----O-----|\n\nEstimate the horizontal position of the center of the dot as a decimal number between 0 and 1.\nFinal Answer:\n'}, {'role': 'assistant', 'content': '0.7'}, {'role': 'user', 'content': '\nDo not reason, directly output the answer as a number after Final Answer:\n\nYou are given a text-based representation of a horizontal line. \nThe left end corresponds to 0.0, the right end to 1.0.\n\nHere is the line with the red dot marked as ""O"":\n| ---------------------=------O-- -------|\n\nEstimate the horizontal position of the center of the dot as a decimal number between 0 and 1.\nFinal Answer:\n'}]",0.63
meta-llama/llama-4-maverick,sample_039,0.74,0.74,0.68,"[{'role': 'system', 'content': 'You are a helpful assistant.'}, {'role': 'user', 'content': '\nDo not reason, directly output the answer as a number after Final Answer:\n\nYou are given a text-based representation of a horizontal line. \nThe left end corresponds to 0.0, the right end to 1.0.\n\nHere is the line with the red dot marked as ""O"":\n|---------.- - --------.------ ----O-----|\n\nEstimate the horizontal position of the center of the dot as a decimal number between 0 and 1.\nFinal Answer:\n'}, {'role': 'assistant', 'content': '0.7'}, {'role': 'user', 'content': '\nDo not reason, directly output the answer as a number after Final Answer:\n\nYou are given a text-based representation of a horizontal line. \nThe left end corresponds to 0.0, the right end to 1.0.\n\nHere is the line with the red dot marked as ""O"":\n| ---------------------=------O-- -------|\n\nEstimate the horizontal position of the center of the dot as a decimal number between 0 and 1.\nFinal Answer:\n'}, {'role': 'assistant', 'content': '0.63'}, {'role': 'user', 'content': '\nDo not reason, directly output the answer as a number after Final Answer:\n\nYou are given a text-based representation of a horizontal line. \nThe left end corresponds to 0.0, the right end to 1.0.\n\nHere is the line with the red dot marked as ""O"":\n|----~-----=---- -------------O------- --|\n\nEstimate the horizontal position of the center of the dot as a decimal number between 0 and 1.\nFinal Answer:\n'}]",0.68
meta-llama/llama-4-maverick,sample_040,0.56,0.56,0.55,"[{'role': 'system', 'content': 'You are a helpful assistant.'}, {'role': 'user', 'content': '\nDo not reason, directly output the answer as a number after Final Answer:\n\nYou are given a text-based representation of a horizontal line. \nThe left end corresponds to 0.0, the right end to 1.0.\n\nHere is the line with the red dot marked as ""O"":\n|---------.- - --------.------ ----O-----|\n\nEstimate the horizontal position of the center of the dot as a decimal number between 0 and 1.\nFinal Answer:\n'}, {'role': 'assistant', 'content': '0.7'}, {'role': 'user', 'content': '\nDo not reason, directly output the answer as a number after Final Answer:\n\nYou are given a text-based representation of a horizontal line. \nThe left end corresponds to 0.0, the right end to 1.0.\n\nHere is the line with the red dot marked as ""O"":\n| ---------------------=------O-- -------|\n\nEstimate the horizontal position of the center of the dot as a decimal number between 0 and 1.\nFinal Answer:\n'}, {'role': 'assistant', 'content': '0.63'}, {'role': 'user', 'content': '\nDo not reason, directly output the answer as a number after Final Answer:\n\nYou are given a text-based representation of a horizontal line. \nThe left end corresponds to 0.0, the right end to 1.0.\n\nHere is the line with the red dot marked as ""O"":\n|----~-----=---- -------------O------- --|\n\nEstimate the horizontal position of the center of the dot as a decimal number between 0 and 1.\nFinal Answer:\n'}, {'role': 'assistant', 'content': '0.68'}, {'role': 'user', 'content': '\nDo not reason, directly output the answer as a number after Final Answer:\n\nYou are given a text-based representation of a horizontal line. \nThe left end corresponds to 0.0, the right end to 1.0.\n\nHere is the line with the red dot marked as ""O"":\n|-=-~-----------~-----O---.---------- ---|\n\nEstimate the horizontal position of the center of the dot as a decimal number between 0 and 1.\nFinal Answer:\n'}]",0.55
meta-llama/llama-4-maverick,sample_041,0.65,0.65,0.58,"[{'role': 'system', 'content': 'You are a helpful assistant.'}, {'role': 'user', 'content': '\nDo not reason, directly output the answer as a number after Final Answer:\n\nYou are given a text-based representation of a horizontal line. \nThe left end corresponds to 0.0, the right end to 1.0.\n\nHere is the line with the red dot marked as ""O"":\n|---------.- - --------.------ ----O-----|\n\nEstimate the horizontal position of the center of the dot as a decimal number between 0 and 1.\nFinal Answer:\n'}, {'role': 'assistant', 'content': '0.7'}, {'role': 'user', 'content': '\nDo not reason, directly output the answer as a number after Final Answer:\n\nYou are given a text-based representation of a horizontal line. \nThe left end corresponds to 0.0, the right end to 1.0.\n\nHere is the line with the red dot marked as ""O"":\n| ---------------------=------O-- -------|\n\nEstimate the horizontal position of the center of the dot as a decimal number between 0 and 1.\nFinal Answer:\n'}, {'role': 'assistant', 'content': '0.63'}, {'role': 'user', 'content': '\nDo not reason, directly output the answer as a number after Final Answer:\n\nYou are given a text-based representation of a horizontal line. \nThe left end corresponds to 0.0, the right end to 1.0.\n\nHere is the line with the red dot marked as ""O"":\n|----~-----=---- -------------O------- --|\n\nEstimate the horizontal position of the center of the dot as a decimal number between 0 and 1.\nFinal Answer:\n'}, {'role': 'assistant', 'content': '0.68'}, {'role': 'user', 'content': '\nDo not reason, directly output the answer as a number after Final Answer:\n\nYou are given a text-based representation of a horizontal line. \nThe left end corresponds to 0.0, the right end to 1.0.\n\nHere is the line with the red dot marked as ""O"":\n|-=-~-----------~-----O---.---------- ---|\n\nEstimate the horizontal position of the center of the dot as a decimal number between 0 and 1.\nFinal Answer:\n'}, {'role': 'assistant', 'content': '0.55'}, {'role': 'user', 'content': '\nDo not reason, directly output the answer as a number after Final Answer:\n\nYou are given a text-based representation of a horizontal line. \nThe left end corresponds to 0.0, the right end to 1.0.\n\nHere is the line with the red dot marked as ""O"":\n| ------------- ----------O=-------- .---|\n\nEstimate the horizontal position of the center of the dot as a decimal number between 0 and 1.\nFinal Answer:\n'}]",0.58
meta-llama/llama-4-maverick,sample_042,0.88,0.88,0.7,"[{'role': 'system', 'content': 'You are a helpful assistant.'}, {'role': 'user', 'content': '\nDo not reason, directly output the answer as a number after Final Answer:\n\nYou are given a text-based representation of a horizontal line. \nThe left end corresponds to 0.0, the right end to 1.0.\n\nHere is the line with the red dot marked as ""O"":\n|---------.- - --------.------ ----O-----|\n\nEstimate the horizontal position of the center of the dot as a decimal number between 0 and 1.\nFinal Answer:\n'}, {'role': 'assistant', 'content': '0.7'}, {'role': 'user', 'content': '\nDo not reason, directly output the answer as a number after Final Answer:\n\nYou are given a text-based representation of a horizontal line. \nThe left end corresponds to 0.0, the right end to 1.0.\n\nHere is the line with the red dot marked as ""O"":\n| ---------------------=------O-- -------|\n\nEstimate the horizontal position of the center of the dot as a decimal number between 0 and 1.\nFinal Answer:\n'}, {'role': 'assistant', 'content': '0.63'}, {'role': 'user', 'content': '\nDo not reason, directly output the answer as a number after Final Answer:\n\nYou are given a text-based representation of a horizontal line. \nThe left end corresponds to 0.0, the right end to 1.0.\n\nHere is the line with the red dot marked as ""O"":\n|----~-----=---- -------------O------- --|\n\nEstimate the horizontal position of the center of the dot as a decimal number between 0 and 1.\nFinal Answer:\n'}, {'role': 'assistant', 'content': '0.68'}, {'role': 'user', 'content': '\nDo not reason, directly output the answer as a number after Final Answer:\n\nYou are given a text-based representation of a horizontal line. \nThe left end corresponds to 0.0, the right end to 1.0.\n\nHere is the line with the red dot marked as ""O"":\n|-=-~-----------~-----O---.---------- ---|\n\nEstimate the horizontal position of the center of the dot as a decimal number between 0 and 1.\nFinal Answer:\n'}, {'role': 'assistant', 'content': '0.55'}, {'role': 'user', 'content': '\nDo not reason, directly output the answer as a number after Final Answer:\n\nYou are given a text-based representation of a horizontal line. \nThe left end corresponds to 0.0, the right end to 1.0.\n\nHere is the line with the red dot marked as ""O"":\n| ------------- ----------O=-------- .---|\n\nEstimate the horizontal position of the center of the dot as a decimal number between 0 and 1.\nFinal Answer:\n'}, {'role': 'assistant', 'content': '0.58'}, {'role': 'user', 'content': '\nDo not reason, directly output the answer as a number after Final Answer:\n\nYou are given a text-based representation of a horizontal line. \nThe left end corresponds to 0.0, the right end to 1.0.\n\nHere is the line with the red dot marked as ""O"":\n|---------.- - --------.------ ----O-----|\n\nEstimate the horizontal position of the center of the dot as a decimal number between 0 and 1.\nFinal Answer:\n'}]",0.7
meta-llama/llama-4-maverick,sample_043,0.79,0.79,0.7,"[{'role': 'system', 'content': 'You are a helpful assistant.'}, {'role': 'user', 'content': '\nDo not reason, directly output the answer as a number after Final Answer:\n\nYou are given a text-based representation of a horizontal line. \nThe left end corresponds to 0.0, the right end to 1.0.\n\nHere is the line with the red dot marked as ""O"":\n| ---------------------=------O-- -------|\n\nEstimate the horizontal position of the center of the dot as a decimal number between 0 and 1.\nFinal Answer:\n'}]",0.7
meta-llama/llama-4-maverick,sample_044,0.74,0.74,0.65,"[{'role': 'system', 'content': 'You are a helpful assistant.'}, {'role': 'user', 'content': '\nDo not reason, directly output the answer as a number after Final Answer:\n\nYou are given a text-based representation of a horizontal line. \nThe left end corresponds to 0.0, the right end to 1.0.\n\nHere is the line with the red dot marked as ""O"":\n| ---------------------=------O-- -------|\n\nEstimate the horizontal position of the center of the dot as a decimal number between 0 and 1.\nFinal Answer:\n'}, {'role': 'assistant', 'content': '0.7'}, {'role': 'user', 'content': '\nDo not reason, directly output the answer as a number after Final Answer:\n\nYou are given a text-based representation of a horizontal line. \nThe left end corresponds to 0.0, the right end to 1.0.\n\nHere is the line with the red dot marked as ""O"":\n|----~-----=---- -------------O------- --|\n\nEstimate the horizontal position of the center of the dot as a decimal number between 0 and 1.\nFinal Answer:\n'}]",0.65
meta-llama/llama-4-maverick,sample_045,0.56,0.56,0.55,"[{'role': 'system', 'content': 'You are a helpful assistant.'}, {'role': 'user', 'content': '\nDo not reason, directly output the answer as a number after Final Answer:\n\nYou are given a text-based representation of a horizontal line. \nThe left end corresponds to 0.0, the right end to 1.0.\n\nHere is the line with the red dot marked as ""O"":\n| ---------------------=------O-- -------|\n\nEstimate the horizontal position of the center of the dot as a decimal number between 0 and 1.\nFinal Answer:\n'}, {'role': 'assistant', 'content': '0.7'}, {'role': 'user', 'content': '\nDo not reason, directly output the answer as a number after Final Answer:\n\nYou are given a text-based representation of a horizontal line. \nThe left end corresponds to 0.0, the right end to 1.0.\n\nHere is the line with the red dot marked as ""O"":\n|----~-----=---- -------------O------- --|\n\nEstimate the horizontal position of the center of the dot as a decimal number between 0 and 1.\nFinal Answer:\n'}, {'role': 'assistant', 'content': '0.65'}, {'role': 'user', 'content': '\nDo not reason, directly output the answer as a number after Final Answer:\n\nYou are given a text-based representation of a horizontal line. \nThe left end corresponds to 0.0, the right end to 1.0.\n\nHere is the line with the red dot marked as ""O"":\n|-=-~-----------~-----O---.---------- ---|\n\nEstimate the horizontal position of the center of the dot as a decimal number between 0 and 1.\nFinal Answer:\n'}]",0.55
meta-llama/llama-4-maverick,sample_046,0.65,0.65,0.45,"[{'role': 'system', 'content': 'You are a helpful assistant.'}, {'role': 'user', 'content': '\nDo not reason, directly output the answer as a number after Final Answer:\n\nYou are given a text-based representation of a horizontal line. \nThe left end corresponds to 0.0, the right end to 1.0.\n\nHere is the line with the red dot marked as ""O"":\n| ---------------------=------O-- -------|\n\nEstimate the horizontal position of the center of the dot as a decimal number between 0 and 1.\nFinal Answer:\n'}, {'role': 'assistant', 'content': '0.7'}, {'role': 'user', 'content': '\nDo not reason, directly output the answer as a number after Final Answer:\n\nYou are given a text-based representation of a horizontal line. \nThe left end corresponds to 0.0, the right end to 1.0.\n\nHere is the line with the red dot marked as ""O"":\n|----~-----=---- -------------O------- --|\n\nEstimate the horizontal position of the center of the dot as a decimal number between 0 and 1.\nFinal Answer:\n'}, {'role': 'assistant', 'content': '0.65'}, {'role': 'user', 'content': '\nDo not reason, directly output the answer as a number after Final Answer:\n\nYou are given a text-based representation of a horizontal line. \nThe left end corresponds to 0.0, the right end to 1.0.\n\nHere is the line with the red dot marked as ""O"":\n|-=-~-----------~-----O---.---------- ---|\n\nEstimate the horizontal position of the center of the dot as a decimal number between 0 and 1.\nFinal Answer:\n'}, {'role': 'assistant', 'content': '0.55'}, {'role': 'user', 'content': '\nDo not reason, directly output the answer as a number after Final Answer:\n\nYou are given a text-based representation of a horizontal line. \nThe left end corresponds to 0.0, the right end to 1.0.\n\nHere is the line with the red dot marked as ""O"":\n| ------------- ----------O=-------- .---|\n\nEstimate the horizontal position of the center of the dot as a decimal number between 0 and 1.\nFinal Answer:\n'}]",0.45
meta-llama/llama-4-maverick,sample_047,0.88,0.88,0.7,"[{'role': 'system', 'content': 'You are a helpful assistant.'}, {'role': 'user', 'content': '\nDo not reason, directly output the answer as a number after Final Answer:\n\nYou are given a text-based representation of a horizontal line. \nThe left end corresponds to 0.0, the right end to 1.0.\n\nHere is the line with the red dot marked as ""O"":\n| ---------------------=------O-- -------|\n\nEstimate the horizontal position of the center of the dot as a decimal number between 0 and 1.\nFinal Answer:\n'}, {'role': 'assistant', 'content': '0.7'}, {'role': 'user', 'content': '\nDo not reason, directly output the answer as a number after Final Answer:\n\nYou are given a text-based representation of a horizontal line. \nThe left end corresponds to 0.0, the right end to 1.0.\n\nHere is the line with the red dot marked as ""O"":\n|----~-----=---- -------------O------- --|\n\nEstimate the horizontal position of the center of the dot as a decimal number between 0 and 1.\nFinal Answer:\n'}, {'role': 'assistant', 'content': '0.65'}, {'role': 'user', 'content': '\nDo not reason, directly output the answer as a number after Final Answer:\n\nYou are given a text-based representation of a horizontal line. \nThe left end corresponds to 0.0, the right end to 1.0.\n\nHere is the line with the red dot marked as ""O"":\n|-=-~-----------~-----O---.---------- ---|\n\nEstimate the horizontal position of the center of the dot as a decimal number between 0 and 1.\nFinal Answer:\n'}, {'role': 'assistant', 'content': '0.55'}, {'role': 'user', 'content': '\nDo not reason, directly output the answer as a number after Final Answer:\n\nYou are given a text-based representation of a horizontal line. \nThe left end corresponds to 0.0, the right end to 1.0.\n\nHere is the line with the red dot marked as ""O"":\n| ------------- ----------O=-------- .---|\n\nEstimate the horizontal position of the center of the dot as a decimal number between 0 and 1.\nFinal Answer:\n'}, {'role': 'assistant', 'content': '0.45'}, {'role': 'user', 'content': '\nDo not reason, directly output the answer as a number after Final Answer:\n\nYou are given a text-based representation of a horizontal line. \nThe left end corresponds to 0.0, the right end to 1.0.\n\nHere is the line with the red dot marked as ""O"":\n|---------.- - --------.------ ----O-----|\n\nEstimate the horizontal position of the center of the dot as a decimal number between 0 and 1.\nFinal Answer:\n'}]",0.7
meta-llama/llama-4-maverick,sample_048,0.79,0.79,0.7,"[{'role': 'system', 'content': 'You are a helpful assistant.'}, {'role': 'user', 'content': '\nDo not reason, directly output the answer as a number after Final Answer:\n\nYou are given a text-based representation of a horizontal line. \nThe left end corresponds to 0.0, the right end to 1.0.\n\nHere is the line with the red dot marked as ""O"":\n| ---------------------=------O-- -------|\n\nEstimate the horizontal position of the center of the dot as a decimal number between 0 and 1.\nFinal Answer:\n'}, {'role': 'assistant', 'content': '0.7'}, {'role': 'user', 'content': '\nDo not reason, directly output the answer as a number after Final Answer:\n\nYou are given a text-based representation of a horizontal line. \nThe left end corresponds to 0.0, the right end to 1.0.\n\nHere is the line with the red dot marked as ""O"":\n|----~-----=---- -------------O------- --|\n\nEstimate the horizontal position of the center of the dot as a decimal number between 0 and 1.\nFinal Answer:\n'}, {'role': 'assistant', 'content': '0.65'}, {'role': 'user', 'content': '\nDo not reason, directly output the answer as a number after Final Answer:\n\nYou are given a text-based representation of a horizontal line. \nThe left end corresponds to 0.0, the right end to 1.0.\n\nHere is the line with the red dot marked as ""O"":\n|-=-~-----------~-----O---.---------- ---|\n\nEstimate the horizontal position of the center of the dot as a decimal number between 0 and 1.\nFinal Answer:\n'}, {'role': 'assistant', 'content': '0.55'}, {'role': 'user', 'content': '\nDo not reason, directly output the answer as a number after Final Answer:\n\nYou are given a text-based representation of a horizontal line. \nThe left end corresponds to 0.0, the right end to 1.0.\n\nHere is the line with the red dot marked as ""O"":\n| ------------- ----------O=-------- .---|\n\nEstimate the horizontal position of the center of the dot as a decimal number between 0 and 1.\nFinal Answer:\n'}, {'role': 'assistant', 'content': '0.45'}, {'role': 'user', 'content': '\nDo not reason, directly output the answer as a number after Final Answer:\n\nYou are given a text-based representation of a horizontal line. \nThe left end corresponds to 0.0, the right end to 1.0.\n\nHere is the line with the red dot marked as ""O"":\n|---------.- - --------.------ ----O-----|\n\nEstimate the horizontal position of the center of the dot as a decimal number between 0 and 1.\nFinal Answer:\n'}, {'role': 'assistant', 'content': '0.7'}, {'role': 'user', 'content': '\nDo not reason, directly output the answer as a number after Final Answer:\n\nYou are given a text-based representation of a horizontal line. \nThe left end corresponds to 0.0, the right end to 1.0.\n\nHere is the line with the red dot marked as ""O"":\n| ---------------------=------O-- -------|\n\nEstimate the horizontal position of the center of the dot as a decimal number between 0 and 1.\nFinal Answer:\n'}]",0.7
meta-llama/llama-4-maverick,sample_049,0.74,0.74,0.7,"[{'role': 'system', 'content': 'You are a helpful assistant.'}, {'role': 'user', 'content': '\nDo not reason, directly output the answer as a number after Final Answer:\n\nYou are given a text-based representation of a horizontal line. \nThe left end corresponds to 0.0, the right end to 1.0.\n\nHere is the line with the red dot marked as ""O"":\n|----~-----=---- -------------O------- --|\n\nEstimate the horizontal position of the center of the dot as a decimal number between 0 and 1.\nFinal Answer:\n'}]",0.7
meta-llama/llama-4-maverick,sample_050,0.56,0.56,0.6,"[{'role': 'system', 'content': 'You are a helpful assistant.'}, {'role': 'user', 'content': '\nDo not reason, directly output the answer as a number after Final Answer:\n\nYou are given a text-based representation of a horizontal line. \nThe left end corresponds to 0.0, the right end to 1.0.\n\nHere is the line with the red dot marked as ""O"":\n|----~-----=---- -------------O------- --|\n\nEstimate the horizontal position of the center of the dot as a decimal number between 0 and 1.\nFinal Answer:\n'}, {'role': 'assistant', 'content': '0.7'}, {'role': 'user', 'content': '\nDo not reason, directly output the answer as a number after Final Answer:\n\nYou are given a text-based representation of a horizontal line. \nThe left end corresponds to 0.0, the right end to 1.0.\n\nHere is the line with the red dot marked as ""O"":\n|-=-~-----------~-----O---.---------- ---|\n\nEstimate the horizontal position of the center of the dot as a decimal number between 0 and 1.\nFinal Answer:\n'}]",Final Answer: 0.6
