sample_id,actual_length,maze_path,image_path,path_text_description
sample_001,5.0,"[(7, 7), (8, 7), (8, 8), (7, 8), (6, 8), (6, 7), (6, 6), (7, 6), (8, 6), (9, 6), (9, 7), (9, 8), (9, 9), (8, 9), (7, 9), (6, 9), (5, 9), (5, 8), (5, 7), (5, 6), (5, 5), (6, 5), (7, 5), (8, 5), (9, 5), (10, 5), (10, 6), (10, 7), (10, 8), (10, 9), (10, 10), (9, 10), (8, 10), (7, 10), (6, 10), (5, 10), (4, 10), (4, 9), (4, 8), (4, 7), (4, 6), (4, 5), (4, 4), (5, 4), (6, 4), (7, 4), (8, 4), (9, 4), (10, 4), (11, 4)]",3.0_7.0/sample_000_4.4982.png,"Take 1 units east, then Take 1 units north, then Take 2 units west, then Take 2 units south, then Take 3 units east, then Take 3 units north, then Take 4 units west, then Take 4 units south, then Take 5 units east, then Take 5 units north, then Take 6 units west, then Take 6 units south, then Take 7 units east."
sample_002,7.0711,"[(7, 7), (8, 7), (8, 8), (7, 8), (6, 8), (6, 7), (6, 6), (7, 6), (8, 6), (9, 6), (9, 7), (9, 8), (9, 9), (8, 9), (7, 9), (6, 9), (5, 9), (5, 8), (5, 7), (5, 6), (5, 5), (6, 5), (7, 5), (8, 5), (9, 5), (10, 5), (10, 6), (10, 7), (10, 8), (10, 9), (10, 10), (9, 10), (8, 10), (7, 10), (6, 10), (5, 10), (4, 10), (4, 9), (4, 8), (4, 7), (4, 6), (4, 5), (4, 4), (5, 4), (6, 4), (7, 4), (8, 4), (9, 4), (10, 4), (11, 4), (11, 5), (11, 6), (11, 7), (11, 8), (11, 9), (11, 10), (11, 11), (10, 11), (9, 11), (8, 11), (7, 11), (6, 11), (5, 11), (4, 11), (3, 11), (3, 10), (3, 9), (3, 8), (3, 7), (3, 6), (3, 5), (3, 4), (3, 3), (4, 3), (5, 3), (6, 3), (7, 3), (8, 3), (9, 3), (10, 3), (11, 3), (12, 3), (12, 4), (12, 5), (12, 6), (12, 7), (12, 8), (12, 9), (12, 10), (12, 11), (12, 12)]",3.0_7.0/sample_001_6.8029.png,"Take 1 units east, then Take 1 units north, then Take 2 units west, then Take 2 units south, then Take 3 units east, then Take 3 units north, then Take 4 units west, then Take 4 units south, then Take 5 units east, then Take 5 units north, then Take 6 units west, then Take 6 units south, then Take 7 units east, then Take 7 units north, then Take 8 units west, then Take 8 units south, then Take 9 units east, then Take 9 units north."
sample_003,6.4031,"[(7, 7), (8, 7), (8, 8), (7, 8), (6, 8), (6, 7), (6, 6), (7, 6), (8, 6), (9, 6), (9, 7), (9, 8), (9, 9), (8, 9), (7, 9), (6, 9), (5, 9), (5, 8), (5, 7), (5, 6), (5, 5), (6, 5), (7, 5), (8, 5), (9, 5), (10, 5), (10, 6), (10, 7), (10, 8), (10, 9), (10, 10), (9, 10), (8, 10), (7, 10), (6, 10), (5, 10), (4, 10), (4, 9), (4, 8), (4, 7), (4, 6), (4, 5), (4, 4), (5, 4), (6, 4), (7, 4), (8, 4), (9, 4), (10, 4), (11, 4), (11, 5), (11, 6), (11, 7), (11, 8), (11, 9), (11, 10), (11, 11), (10, 11), (9, 11), (8, 11), (7, 11), (6, 11), (5, 11), (4, 11), (3, 11), (3, 10), (3, 9), (3, 8), (3, 7), (3, 6), (3, 5), (3, 4), (3, 3), (4, 3), (5, 3), (6, 3), (7, 3), (8, 3), (9, 3), (10, 3), (11, 3), (12, 3)]",3.0_7.0/sample_002_5.928.png,"Take 1 units east, then Take 1 units north, then Take 2 units west, then Take 2 units south, then Take 3 units east, then Take 3 units north, then Take 4 units west, then Take 4 units south, then Take 5 units east, then Take 5 units north, then Take 6 units west, then Take 6 units south, then Take 7 units east, then Take 7 units north, then Take 8 units west, then Take 8 units south, then Take 9 units east."
sample_004,5.6569,"[(7, 7), (8, 7), (8, 8), (7, 8), (6, 8), (6, 7), (6, 6), (7, 6), (8, 6), (9, 6), (9, 7), (9, 8), (9, 9), (8, 9), (7, 9), (6, 9), (5, 9), (5, 8), (5, 7), (5, 6), (5, 5), (6, 5), (7, 5), (8, 5), (9, 5), (10, 5), (10, 6), (10, 7), (10, 8), (10, 9), (10, 10), (9, 10), (8, 10), (7, 10), (6, 10), (5, 10), (4, 10), (4, 9), (4, 8), (4, 7), (4, 6), (4, 5), (4, 4), (5, 4), (6, 4), (7, 4), (8, 4), (9, 4), (10, 4), (11, 4), (11, 5), (11, 6), (11, 7), (11, 8), (11, 9), (11, 10), (11, 11)]",3.0_7.0/sample_003_5.3946.png,"Take 1 units east, then Take 1 units north, then Take 2 units west, then Take 2 units south, then Take 3 units east, then Take 3 units north, then Take 4 units west, then Take 4 units south, then Take 5 units east, then Take 5 units north, then Take 6 units west, then Take 6 units south, then Take 7 units east, then Take 7 units north."
sample_005,4.2426,"[(7, 7), (8, 7), (8, 8), (7, 8), (6, 8), (6, 7), (6, 6), (7, 6), (8, 6), (9, 6), (9, 7), (9, 8), (9, 9), (8, 9), (7, 9), (6, 9), (5, 9), (5, 8), (5, 7), (5, 6), (5, 5), (6, 5), (7, 5), (8, 5), (9, 5), (10, 5), (10, 6), (10, 7), (10, 8), (10, 9), (10, 10)]",3.0_7.0/sample_004_3.6241.png,"Take 1 units east, then Take 1 units north, then Take 2 units west, then Take 2 units south, then Take 3 units east, then Take 3 units north, then Take 4 units west, then Take 4 units south, then Take 5 units east, then Take 5 units north."
sample_006,4.2426,"[(7, 7), (8, 7), (8, 8), (7, 8), (6, 8), (6, 7), (6, 6), (7, 6), (8, 6), (9, 6), (9, 7), (9, 8), (9, 9), (8, 9), (7, 9), (6, 9), (5, 9), (5, 8), (5, 7), (5, 6), (5, 5), (6, 5), (7, 5), (8, 5), (9, 5), (10, 5), (10, 6), (10, 7), (10, 8), (10, 9), (10, 10)]",3.0_7.0/sample_005_3.624.png,"Take 1 units east, then Take 1 units north, then Take 2 units west, then Take 2 units south, then Take 3 units east, then Take 3 units north, then Take 4 units west, then Take 4 units south, then Take 5 units east, then Take 5 units north."
sample_007,3.6056,"[(7, 7), (8, 7), (8, 8), (7, 8), (6, 8), (6, 7), (6, 6), (7, 6), (8, 6), (9, 6), (9, 7), (9, 8), (9, 9), (8, 9), (7, 9), (6, 9), (5, 9), (5, 8), (5, 7), (5, 6), (5, 5), (6, 5), (7, 5), (8, 5), (9, 5), (10, 5)]",3.0_7.0/sample_006_3.2323.png,"Take 1 units east, then Take 1 units north, then Take 2 units west, then Take 2 units south, then Take 3 units east, then Take 3 units north, then Take 4 units west, then Take 4 units south, then Take 5 units east."
sample_008,7.0711,"[(7, 7), (8, 7), (8, 8), (7, 8), (6, 8), (6, 7), (6, 6), (7, 6), (8, 6), (9, 6), (9, 7), (9, 8), (9, 9), (8, 9), (7, 9), (6, 9), (5, 9), (5, 8), (5, 7), (5, 6), (5, 5), (6, 5), (7, 5), (8, 5), (9, 5), (10, 5), (10, 6), (10, 7), (10, 8), (10, 9), (10, 10), (9, 10), (8, 10), (7, 10), (6, 10), (5, 10), (4, 10), (4, 9), (4, 8), (4, 7), (4, 6), (4, 5), (4, 4), (5, 4), (6, 4), (7, 4), (8, 4), (9, 4), (10, 4), (11, 4), (11, 5), (11, 6), (11, 7), (11, 8), (11, 9), (11, 10), (11, 11), (10, 11), (9, 11), (8, 11), (7, 11), (6, 11), (5, 11), (4, 11), (3, 11), (3, 10), (3, 9), (3, 8), (3, 7), (3, 6), (3, 5), (3, 4), (3, 3), (4, 3), (5, 3), (6, 3), (7, 3), (8, 3), (9, 3), (10, 3), (11, 3), (12, 3), (12, 4), (12, 5), (12, 6), (12, 7), (12, 8), (12, 9), (12, 10), (12, 11), (12, 12)]",3.0_7.0/sample_007_6.4647.png,"Take 1 units east, then Take 1 units north, then Take 2 units west, then Take 2 units south, then Take 3 units east, then Take 3 units north, then Take 4 units west, then Take 4 units south, then Take 5 units east, then Take 5 units north, then Take 6 units west, then Take 6 units south, then Take 7 units east, then Take 7 units north, then Take 8 units west, then Take 8 units south, then Take 9 units east, then Take 9 units north."
sample_009,5.6569,"[(7, 7), (8, 7), (8, 8), (7, 8), (6, 8), (6, 7), (6, 6), (7, 6), (8, 6), (9, 6), (9, 7), (9, 8), (9, 9), (8, 9), (7, 9), (6, 9), (5, 9), (5, 8), (5, 7), (5, 6), (5, 5), (6, 5), (7, 5), (8, 5), (9, 5), (10, 5), (10, 6), (10, 7), (10, 8), (10, 9), (10, 10), (9, 10), (8, 10), (7, 10), (6, 10), (5, 10), (4, 10), (4, 9), (4, 8), (4, 7), (4, 6), (4, 5), (4, 4), (5, 4), (6, 4), (7, 4), (8, 4), (9, 4), (10, 4), (11, 4), (11, 5), (11, 6), (11, 7), (11, 8), (11, 9), (11, 10), (11, 11)]",3.0_7.0/sample_008_5.4045.png,"Take 1 units east, then Take 1 units north, then Take 2 units west, then Take 2 units south, then Take 3 units east, then Take 3 units north, then Take 4 units west, then Take 4 units south, then Take 5 units east, then Take 5 units north, then Take 6 units west, then Take 6 units south, then Take 7 units east, then Take 7 units north."
sample_010,6.4031,"[(7, 7), (8, 7), (8, 8), (7, 8), (6, 8), (6, 7), (6, 6), (7, 6), (8, 6), (9, 6), (9, 7), (9, 8), (9, 9), (8, 9), (7, 9), (6, 9), (5, 9), (5, 8), (5, 7), (5, 6), (5, 5), (6, 5), (7, 5), (8, 5), (9, 5), (10, 5), (10, 6), (10, 7), (10, 8), (10, 9), (10, 10), (9, 10), (8, 10), (7, 10), (6, 10), (5, 10), (4, 10), (4, 9), (4, 8), (4, 7), (4, 6), (4, 5), (4, 4), (5, 4), (6, 4), (7, 4), (8, 4), (9, 4), (10, 4), (11, 4), (11, 5), (11, 6), (11, 7), (11, 8), (11, 9), (11, 10), (11, 11), (10, 11), (9, 11), (8, 11), (7, 11), (6, 11), (5, 11), (4, 11), (3, 11), (3, 10), (3, 9), (3, 8), (3, 7), (3, 6), (3, 5), (3, 4), (3, 3), (4, 3), (5, 3), (6, 3), (7, 3), (8, 3), (9, 3), (10, 3), (11, 3), (12, 3)]",3.0_7.0/sample_009_5.8323.png,"Take 1 units east, then Take 1 units north, then Take 2 units west, then Take 2 units south, then Take 3 units east, then Take 3 units north, then Take 4 units west, then Take 4 units south, then Take 5 units east, then Take 5 units north, then Take 6 units west, then Take 6 units south, then Take 7 units east, then Take 7 units north, then Take 8 units west, then Take 8 units south, then Take 9 units east."
sample_011,3.6056,"[(7, 7), (8, 7), (8, 8), (7, 8), (6, 8), (6, 7), (6, 6), (7, 6), (8, 6), (9, 6), (9, 7), (9, 8), (9, 9), (8, 9), (7, 9), (6, 9), (5, 9), (5, 8), (5, 7), (5, 6), (5, 5), (6, 5), (7, 5), (8, 5), (9, 5), (10, 5)]",3.0_7.0/sample_010_3.0823.png,"Take 1 units east, then Take 1 units north, then Take 2 units west, then Take 2 units south, then Take 3 units east, then Take 3 units north, then Take 4 units west, then Take 4 units south, then Take 5 units east."
sample_012,7.0711,"[(7, 7), (8, 7), (8, 8), (7, 8), (6, 8), (6, 7), (6, 6), (7, 6), (8, 6), (9, 6), (9, 7), (9, 8), (9, 9), (8, 9), (7, 9), (6, 9), (5, 9), (5, 8), (5, 7), (5, 6), (5, 5), (6, 5), (7, 5), (8, 5), (9, 5), (10, 5), (10, 6), (10, 7), (10, 8), (10, 9), (10, 10), (9, 10), (8, 10), (7, 10), (6, 10), (5, 10), (4, 10), (4, 9), (4, 8), (4, 7), (4, 6), (4, 5), (4, 4), (5, 4), (6, 4), (7, 4), (8, 4), (9, 4), (10, 4), (11, 4), (11, 5), (11, 6), (11, 7), (11, 8), (11, 9), (11, 10), (11, 11), (10, 11), (9, 11), (8, 11), (7, 11), (6, 11), (5, 11), (4, 11), (3, 11), (3, 10), (3, 9), (3, 8), (3, 7), (3, 6), (3, 5), (3, 4), (3, 3), (4, 3), (5, 3), (6, 3), (7, 3), (8, 3), (9, 3), (10, 3), (11, 3), (12, 3), (12, 4), (12, 5), (12, 6), (12, 7), (12, 8), (12, 9), (12, 10), (12, 11), (12, 12)]",3.0_7.0/sample_011_6.8796.png,"Take 1 units east, then Take 1 units north, then Take 2 units west, then Take 2 units south, then Take 3 units east, then Take 3 units north, then Take 4 units west, then Take 4 units south, then Take 5 units east, then Take 5 units north, then Take 6 units west, then Take 6 units south, then Take 7 units east, then Take 7 units north, then Take 8 units west, then Take 8 units south, then Take 9 units east, then Take 9 units north."
sample_013,6.4031,"[(7, 7), (8, 7), (8, 8), (7, 8), (6, 8), (6, 7), (6, 6), (7, 6), (8, 6), (9, 6), (9, 7), (9, 8), (9, 9), (8, 9), (7, 9), (6, 9), (5, 9), (5, 8), (5, 7), (5, 6), (5, 5), (6, 5), (7, 5), (8, 5), (9, 5), (10, 5), (10, 6), (10, 7), (10, 8), (10, 9), (10, 10), (9, 10), (8, 10), (7, 10), (6, 10), (5, 10), (4, 10), (4, 9), (4, 8), (4, 7), (4, 6), (4, 5), (4, 4), (5, 4), (6, 4), (7, 4), (8, 4), (9, 4), (10, 4), (11, 4), (11, 5), (11, 6), (11, 7), (11, 8), (11, 9), (11, 10), (11, 11), (10, 11), (9, 11), (8, 11), (7, 11), (6, 11), (5, 11), (4, 11), (3, 11), (3, 10), (3, 9), (3, 8), (3, 7), (3, 6), (3, 5), (3, 4), (3, 3), (4, 3), (5, 3), (6, 3), (7, 3), (8, 3), (9, 3), (10, 3), (11, 3), (12, 3)]",3.0_7.0/sample_012_6.3298.png,"Take 1 units east, then Take 1 units north, then Take 2 units west, then Take 2 units south, then Take 3 units east, then Take 3 units north, then Take 4 units west, then Take 4 units south, then Take 5 units east, then Take 5 units north, then Take 6 units west, then Take 6 units south, then Take 7 units east, then Take 7 units north, then Take 8 units west, then Take 8 units south, then Take 9 units east."
sample_014,4.2426,"[(7, 7), (8, 7), (8, 8), (7, 8), (6, 8), (6, 7), (6, 6), (7, 6), (8, 6), (9, 6), (9, 7), (9, 8), (9, 9), (8, 9), (7, 9), (6, 9), (5, 9), (5, 8), (5, 7), (5, 6), (5, 5), (6, 5), (7, 5), (8, 5), (9, 5), (10, 5), (10, 6), (10, 7), (10, 8), (10, 9), (10, 10)]",3.0_7.0/sample_013_3.8494.png,"Take 1 units east, then Take 1 units north, then Take 2 units west, then Take 2 units south, then Take 3 units east, then Take 3 units north, then Take 4 units west, then Take 4 units south, then Take 5 units east, then Take 5 units north."
sample_015,4.2426,"[(7, 7), (8, 7), (8, 8), (7, 8), (6, 8), (6, 7), (6, 6), (7, 6), (8, 6), (9, 6), (9, 7), (9, 8), (9, 9), (8, 9), (7, 9), (6, 9), (5, 9), (5, 8), (5, 7), (5, 6), (5, 5), (6, 5), (7, 5), (8, 5), (9, 5), (10, 5), (10, 6), (10, 7), (10, 8), (10, 9), (10, 10)]",3.0_7.0/sample_014_3.7273.png,"Take 1 units east, then Take 1 units north, then Take 2 units west, then Take 2 units south, then Take 3 units east, then Take 3 units north, then Take 4 units west, then Take 4 units south, then Take 5 units east, then Take 5 units north."
sample_016,4.2426,"[(7, 7), (8, 7), (8, 8), (7, 8), (6, 8), (6, 7), (6, 6), (7, 6), (8, 6), (9, 6), (9, 7), (9, 8), (9, 9), (8, 9), (7, 9), (6, 9), (5, 9), (5, 8), (5, 7), (5, 6), (5, 5), (6, 5), (7, 5), (8, 5), (9, 5), (10, 5), (10, 6), (10, 7), (10, 8), (10, 9), (10, 10)]",3.0_7.0/sample_015_3.7336.png,"Take 1 units east, then Take 1 units north, then Take 2 units west, then Take 2 units south, then Take 3 units east, then Take 3 units north, then Take 4 units west, then Take 4 units south, then Take 5 units east, then Take 5 units north."
sample_017,4.2426,"[(7, 7), (8, 7), (8, 8), (7, 8), (6, 8), (6, 7), (6, 6), (7, 6), (8, 6), (9, 6), (9, 7), (9, 8), (9, 9), (8, 9), (7, 9), (6, 9), (5, 9), (5, 8), (5, 7), (5, 6), (5, 5), (6, 5), (7, 5), (8, 5), (9, 5), (10, 5), (10, 6), (10, 7), (10, 8), (10, 9), (10, 10)]",3.0_7.0/sample_016_4.217.png,"Take 1 units east, then Take 1 units north, then Take 2 units west, then Take 2 units south, then Take 3 units east, then Take 3 units north, then Take 4 units west, then Take 4 units south, then Take 5 units east, then Take 5 units north."
sample_018,5.6569,"[(7, 7), (8, 7), (8, 8), (7, 8), (6, 8), (6, 7), (6, 6), (7, 6), (8, 6), (9, 6), (9, 7), (9, 8), (9, 9), (8, 9), (7, 9), (6, 9), (5, 9), (5, 8), (5, 7), (5, 6), (5, 5), (6, 5), (7, 5), (8, 5), (9, 5), (10, 5), (10, 6), (10, 7), (10, 8), (10, 9), (10, 10), (9, 10), (8, 10), (7, 10), (6, 10), (5, 10), (4, 10), (4, 9), (4, 8), (4, 7), (4, 6), (4, 5), (4, 4), (5, 4), (6, 4), (7, 4), (8, 4), (9, 4), (10, 4), (11, 4), (11, 5), (11, 6), (11, 7), (11, 8), (11, 9), (11, 10), (11, 11)]",3.0_7.0/sample_017_5.099.png,"Take 1 units east, then Take 1 units north, then Take 2 units west, then Take 2 units south, then Take 3 units east, then Take 3 units north, then Take 4 units west, then Take 4 units south, then Take 5 units east, then Take 5 units north, then Take 6 units west, then Take 6 units south, then Take 7 units east, then Take 7 units north."
sample_019,5.0,"[(7, 7), (8, 7), (8, 8), (7, 8), (6, 8), (6, 7), (6, 6), (7, 6), (8, 6), (9, 6), (9, 7), (9, 8), (9, 9), (8, 9), (7, 9), (6, 9), (5, 9), (5, 8), (5, 7), (5, 6), (5, 5), (6, 5), (7, 5), (8, 5), (9, 5), (10, 5), (10, 6), (10, 7), (10, 8), (10, 9), (10, 10), (9, 10), (8, 10), (7, 10), (6, 10), (5, 10), (4, 10), (4, 9), (4, 8), (4, 7), (4, 6), (4, 5), (4, 4), (5, 4), (6, 4), (7, 4), (8, 4), (9, 4), (10, 4), (11, 4)]",3.0_7.0/sample_018_4.7278.png,"Take 1 units east, then Take 1 units north, then Take 2 units west, then Take 2 units south, then Take 3 units east, then Take 3 units north, then Take 4 units west, then Take 4 units south, then Take 5 units east, then Take 5 units north, then Take 6 units west, then Take 6 units south, then Take 7 units east."
sample_020,4.2426,"[(7, 7), (8, 7), (8, 8), (7, 8), (6, 8), (6, 7), (6, 6), (7, 6), (8, 6), (9, 6), (9, 7), (9, 8), (9, 9), (8, 9), (7, 9), (6, 9), (5, 9), (5, 8), (5, 7), (5, 6), (5, 5), (6, 5), (7, 5), (8, 5), (9, 5), (10, 5), (10, 6), (10, 7), (10, 8), (10, 9), (10, 10)]",3.0_7.0/sample_019_4.1649.png,"Take 1 units east, then Take 1 units north, then Take 2 units west, then Take 2 units south, then Take 3 units east, then Take 3 units north, then Take 4 units west, then Take 4 units south, then Take 5 units east, then Take 5 units north."
sample_021,5.6569,"[(7, 7), (8, 7), (8, 8), (7, 8), (6, 8), (6, 7), (6, 6), (7, 6), (8, 6), (9, 6), (9, 7), (9, 8), (9, 9), (8, 9), (7, 9), (6, 9), (5, 9), (5, 8), (5, 7), (5, 6), (5, 5), (6, 5), (7, 5), (8, 5), (9, 5), (10, 5), (10, 6), (10, 7), (10, 8), (10, 9), (10, 10), (9, 10), (8, 10), (7, 10), (6, 10), (5, 10), (4, 10), (4, 9), (4, 8), (4, 7), (4, 6), (4, 5), (4, 4), (5, 4), (6, 4), (7, 4), (8, 4), (9, 4), (10, 4), (11, 4), (11, 5), (11, 6), (11, 7), (11, 8), (11, 9), (11, 10), (11, 11)]",3.0_7.0/sample_020_5.4474.png,"Take 1 units east, then Take 1 units north, then Take 2 units west, then Take 2 units south, then Take 3 units east, then Take 3 units north, then Take 4 units west, then Take 4 units south, then Take 5 units east, then Take 5 units north, then Take 6 units west, then Take 6 units south, then Take 7 units east, then Take 7 units north."
sample_022,3.6056,"[(7, 7), (8, 7), (8, 8), (7, 8), (6, 8), (6, 7), (6, 6), (7, 6), (8, 6), (9, 6), (9, 7), (9, 8), (9, 9), (8, 9), (7, 9), (6, 9), (5, 9), (5, 8), (5, 7), (5, 6), (5, 5), (6, 5), (7, 5), (8, 5), (9, 5), (10, 5)]",3.0_7.0/sample_021_3.558.png,"Take 1 units east, then Take 1 units north, then Take 2 units west, then Take 2 units south, then Take 3 units east, then Take 3 units north, then Take 4 units west, then Take 4 units south, then Take 5 units east."
sample_023,4.2426,"[(7, 7), (8, 7), (8, 8), (7, 8), (6, 8), (6, 7), (6, 6), (7, 6), (8, 6), (9, 6), (9, 7), (9, 8), (9, 9), (8, 9), (7, 9), (6, 9), (5, 9), (5, 8), (5, 7), (5, 6), (5, 5), (6, 5), (7, 5), (8, 5), (9, 5), (10, 5), (10, 6), (10, 7), (10, 8), (10, 9), (10, 10)]",3.0_7.0/sample_022_4.1686.png,"Take 1 units east, then Take 1 units north, then Take 2 units west, then Take 2 units south, then Take 3 units east, then Take 3 units north, then Take 4 units west, then Take 4 units south, then Take 5 units east, then Take 5 units north."
sample_024,5.0,"[(7, 7), (8, 7), (8, 8), (7, 8), (6, 8), (6, 7), (6, 6), (7, 6), (8, 6), (9, 6), (9, 7), (9, 8), (9, 9), (8, 9), (7, 9), (6, 9), (5, 9), (5, 8), (5, 7), (5, 6), (5, 5), (6, 5), (7, 5), (8, 5), (9, 5), (10, 5), (10, 6), (10, 7), (10, 8), (10, 9), (10, 10), (9, 10), (8, 10), (7, 10), (6, 10), (5, 10), (4, 10), (4, 9), (4, 8), (4, 7), (4, 6), (4, 5), (4, 4), (5, 4), (6, 4), (7, 4), (8, 4), (9, 4), (10, 4), (11, 4)]",3.0_7.0/sample_023_4.4654.png,"Take 1 units east, then Take 1 units north, then Take 2 units west, then Take 2 units south, then Take 3 units east, then Take 3 units north, then Take 4 units west, then Take 4 units south, then Take 5 units east, then Take 5 units north, then Take 6 units west, then Take 6 units south, then Take 7 units east."
sample_025,5.0,"[(7, 7), (8, 7), (8, 8), (7, 8), (6, 8), (6, 7), (6, 6), (7, 6), (8, 6), (9, 6), (9, 7), (9, 8), (9, 9), (8, 9), (7, 9), (6, 9), (5, 9), (5, 8), (5, 7), (5, 6), (5, 5), (6, 5), (7, 5), (8, 5), (9, 5), (10, 5), (10, 6), (10, 7), (10, 8), (10, 9), (10, 10), (9, 10), (8, 10), (7, 10), (6, 10), (5, 10), (4, 10), (4, 9), (4, 8), (4, 7), (4, 6), (4, 5), (4, 4), (5, 4), (6, 4), (7, 4), (8, 4), (9, 4), (10, 4), (11, 4)]",3.0_7.0/sample_024_4.8243.png,"Take 1 units east, then Take 1 units north, then Take 2 units west, then Take 2 units south, then Take 3 units east, then Take 3 units north, then Take 4 units west, then Take 4 units south, then Take 5 units east, then Take 5 units north, then Take 6 units west, then Take 6 units south, then Take 7 units east."
sample_026,6.4031,"[(7, 7), (8, 7), (8, 8), (7, 8), (6, 8), (6, 7), (6, 6), (7, 6), (8, 6), (9, 6), (9, 7), (9, 8), (9, 9), (8, 9), (7, 9), (6, 9), (5, 9), (5, 8), (5, 7), (5, 6), (5, 5), (6, 5), (7, 5), (8, 5), (9, 5), (10, 5), (10, 6), (10, 7), (10, 8), (10, 9), (10, 10), (9, 10), (8, 10), (7, 10), (6, 10), (5, 10), (4, 10), (4, 9), (4, 8), (4, 7), (4, 6), (4, 5), (4, 4), (5, 4), (6, 4), (7, 4), (8, 4), (9, 4), (10, 4), (11, 4), (11, 5), (11, 6), (11, 7), (11, 8), (11, 9), (11, 10), (11, 11), (10, 11), (9, 11), (8, 11), (7, 11), (6, 11), (5, 11), (4, 11), (3, 11), (3, 10), (3, 9), (3, 8), (3, 7), (3, 6), (3, 5), (3, 4), (3, 3), (4, 3), (5, 3), (6, 3), (7, 3), (8, 3), (9, 3), (10, 3), (11, 3), (12, 3)]",3.0_7.0/sample_025_6.1407.png,"Take 1 units east, then Take 1 units north, then Take 2 units west, then Take 2 units south, then Take 3 units east, then Take 3 units north, then Take 4 units west, then Take 4 units south, then Take 5 units east, then Take 5 units north, then Take 6 units west, then Take 6 units south, then Take 7 units east, then Take 7 units north, then Take 8 units west, then Take 8 units south, then Take 9 units east."
sample_027,4.2426,"[(7, 7), (8, 7), (8, 8), (7, 8), (6, 8), (6, 7), (6, 6), (7, 6), (8, 6), (9, 6), (9, 7), (9, 8), (9, 9), (8, 9), (7, 9), (6, 9), (5, 9), (5, 8), (5, 7), (5, 6), (5, 5), (6, 5), (7, 5), (8, 5), (9, 5), (10, 5), (10, 6), (10, 7), (10, 8), (10, 9), (10, 10)]",3.0_7.0/sample_026_3.7987.png,"Take 1 units east, then Take 1 units north, then Take 2 units west, then Take 2 units south, then Take 3 units east, then Take 3 units north, then Take 4 units west, then Take 4 units south, then Take 5 units east, then Take 5 units north."
sample_028,5.6569,"[(7, 7), (8, 7), (8, 8), (7, 8), (6, 8), (6, 7), (6, 6), (7, 6), (8, 6), (9, 6), (9, 7), (9, 8), (9, 9), (8, 9), (7, 9), (6, 9), (5, 9), (5, 8), (5, 7), (5, 6), (5, 5), (6, 5), (7, 5), (8, 5), (9, 5), (10, 5), (10, 6), (10, 7), (10, 8), (10, 9), (10, 10), (9, 10), (8, 10), (7, 10), (6, 10), (5, 10), (4, 10), (4, 9), (4, 8), (4, 7), (4, 6), (4, 5), (4, 4), (5, 4), (6, 4), (7, 4), (8, 4), (9, 4), (10, 4), (11, 4), (11, 5), (11, 6), (11, 7), (11, 8), (11, 9), (11, 10), (11, 11)]",3.0_7.0/sample_027_5.0569.png,"Take 1 units east, then Take 1 units north, then Take 2 units west, then Take 2 units south, then Take 3 units east, then Take 3 units north, then Take 4 units west, then Take 4 units south, then Take 5 units east, then Take 5 units north, then Take 6 units west, then Take 6 units south, then Take 7 units east, then Take 7 units north."
sample_029,5.6569,"[(7, 7), (8, 7), (8, 8), (7, 8), (6, 8), (6, 7), (6, 6), (7, 6), (8, 6), (9, 6), (9, 7), (9, 8), (9, 9), (8, 9), (7, 9), (6, 9), (5, 9), (5, 8), (5, 7), (5, 6), (5, 5), (6, 5), (7, 5), (8, 5), (9, 5), (10, 5), (10, 6), (10, 7), (10, 8), (10, 9), (10, 10), (9, 10), (8, 10), (7, 10), (6, 10), (5, 10), (4, 10), (4, 9), (4, 8), (4, 7), (4, 6), (4, 5), (4, 4), (5, 4), (6, 4), (7, 4), (8, 4), (9, 4), (10, 4), (11, 4), (11, 5), (11, 6), (11, 7), (11, 8), (11, 9), (11, 10), (11, 11)]",3.0_7.0/sample_028_5.3697.png,"Take 1 units east, then Take 1 units north, then Take 2 units west, then Take 2 units south, then Take 3 units east, then Take 3 units north, then Take 4 units west, then Take 4 units south, then Take 5 units east, then Take 5 units north, then Take 6 units west, then Take 6 units south, then Take 7 units east, then Take 7 units north."
sample_030,3.6056,"[(7, 7), (8, 7), (8, 8), (7, 8), (6, 8), (6, 7), (6, 6), (7, 6), (8, 6), (9, 6), (9, 7), (9, 8), (9, 9), (8, 9), (7, 9), (6, 9), (5, 9), (5, 8), (5, 7), (5, 6), (5, 5), (6, 5), (7, 5), (8, 5), (9, 5), (10, 5)]",3.0_7.0/sample_029_3.1858.png,"Take 1 units east, then Take 1 units north, then Take 2 units west, then Take 2 units south, then Take 3 units east, then Take 3 units north, then Take 4 units west, then Take 4 units south, then Take 5 units east."
sample_031,5.6569,"[(7, 7), (8, 7), (8, 8), (7, 8), (6, 8), (6, 7), (6, 6), (7, 6), (8, 6), (9, 6), (9, 7), (9, 8), (9, 9), (8, 9), (7, 9), (6, 9), (5, 9), (5, 8), (5, 7), (5, 6), (5, 5), (6, 5), (7, 5), (8, 5), (9, 5), (10, 5), (10, 6), (10, 7), (10, 8), (10, 9), (10, 10), (9, 10), (8, 10), (7, 10), (6, 10), (5, 10), (4, 10), (4, 9), (4, 8), (4, 7), (4, 6), (4, 5), (4, 4), (5, 4), (6, 4), (7, 4), (8, 4), (9, 4), (10, 4), (11, 4), (11, 5), (11, 6), (11, 7), (11, 8), (11, 9), (11, 10), (11, 11)]",3.0_7.0/sample_030_5.4302.png,"Take 1 units east, then Take 1 units north, then Take 2 units west, then Take 2 units south, then Take 3 units east, then Take 3 units north, then Take 4 units west, then Take 4 units south, then Take 5 units east, then Take 5 units north, then Take 6 units west, then Take 6 units south, then Take 7 units east, then Take 7 units north."
sample_032,4.2426,"[(7, 7), (8, 7), (8, 8), (7, 8), (6, 8), (6, 7), (6, 6), (7, 6), (8, 6), (9, 6), (9, 7), (9, 8), (9, 9), (8, 9), (7, 9), (6, 9), (5, 9), (5, 8), (5, 7), (5, 6), (5, 5), (6, 5), (7, 5), (8, 5), (9, 5), (10, 5), (10, 6), (10, 7), (10, 8), (10, 9), (10, 10)]",3.0_7.0/sample_031_3.6821.png,"Take 1 units east, then Take 1 units north, then Take 2 units west, then Take 2 units south, then Take 3 units east, then Take 3 units north, then Take 4 units west, then Take 4 units south, then Take 5 units east, then Take 5 units north."
sample_033,3.6056,"[(7, 7), (8, 7), (8, 8), (7, 8), (6, 8), (6, 7), (6, 6), (7, 6), (8, 6), (9, 6), (9, 7), (9, 8), (9, 9), (8, 9), (7, 9), (6, 9), (5, 9), (5, 8), (5, 7), (5, 6), (5, 5), (6, 5), (7, 5), (8, 5), (9, 5), (10, 5)]",3.0_7.0/sample_032_3.2602.png,"Take 1 units east, then Take 1 units north, then Take 2 units west, then Take 2 units south, then Take 3 units east, then Take 3 units north, then Take 4 units west, then Take 4 units south, then Take 5 units east."
sample_034,7.0711,"[(7, 7), (8, 7), (8, 8), (7, 8), (6, 8), (6, 7), (6, 6), (7, 6), (8, 6), (9, 6), (9, 7), (9, 8), (9, 9), (8, 9), (7, 9), (6, 9), (5, 9), (5, 8), (5, 7), (5, 6), (5, 5), (6, 5), (7, 5), (8, 5), (9, 5), (10, 5), (10, 6), (10, 7), (10, 8), (10, 9), (10, 10), (9, 10), (8, 10), (7, 10), (6, 10), (5, 10), (4, 10), (4, 9), (4, 8), (4, 7), (4, 6), (4, 5), (4, 4), (5, 4), (6, 4), (7, 4), (8, 4), (9, 4), (10, 4), (11, 4), (11, 5), (11, 6), (11, 7), (11, 8), (11, 9), (11, 10), (11, 11), (10, 11), (9, 11), (8, 11), (7, 11), (6, 11), (5, 11), (4, 11), (3, 11), (3, 10), (3, 9), (3, 8), (3, 7), (3, 6), (3, 5), (3, 4), (3, 3), (4, 3), (5, 3), (6, 3), (7, 3), (8, 3), (9, 3), (10, 3), (11, 3), (12, 3), (12, 4), (12, 5), (12, 6), (12, 7), (12, 8), (12, 9), (12, 10), (12, 11), (12, 12)]",3.0_7.0/sample_033_6.7955.png,"Take 1 units east, then Take 1 units north, then Take 2 units west, then Take 2 units south, then Take 3 units east, then Take 3 units north, then Take 4 units west, then Take 4 units south, then Take 5 units east, then Take 5 units north, then Take 6 units west, then Take 6 units south, then Take 7 units east, then Take 7 units north, then Take 8 units west, then Take 8 units south, then Take 9 units east, then Take 9 units north."
sample_035,7.0711,"[(7, 7), (8, 7), (8, 8), (7, 8), (6, 8), (6, 7), (6, 6), (7, 6), (8, 6), (9, 6), (9, 7), (9, 8), (9, 9), (8, 9), (7, 9), (6, 9), (5, 9), (5, 8), (5, 7), (5, 6), (5, 5), (6, 5), (7, 5), (8, 5), (9, 5), (10, 5), (10, 6), (10, 7), (10, 8), (10, 9), (10, 10), (9, 10), (8, 10), (7, 10), (6, 10), (5, 10), (4, 10), (4, 9), (4, 8), (4, 7), (4, 6), (4, 5), (4, 4), (5, 4), (6, 4), (7, 4), (8, 4), (9, 4), (10, 4), (11, 4), (11, 5), (11, 6), (11, 7), (11, 8), (11, 9), (11, 10), (11, 11), (10, 11), (9, 11), (8, 11), (7, 11), (6, 11), (5, 11), (4, 11), (3, 11), (3, 10), (3, 9), (3, 8), (3, 7), (3, 6), (3, 5), (3, 4), (3, 3), (4, 3), (5, 3), (6, 3), (7, 3), (8, 3), (9, 3), (10, 3), (11, 3), (12, 3), (12, 4), (12, 5), (12, 6), (12, 7), (12, 8), (12, 9), (12, 10), (12, 11), (12, 12)]",3.0_7.0/sample_034_6.8625.png,"Take 1 units east, then Take 1 units north, then Take 2 units west, then Take 2 units south, then Take 3 units east, then Take 3 units north, then Take 4 units west, then Take 4 units south, then Take 5 units east, then Take 5 units north, then Take 6 units west, then Take 6 units south, then Take 7 units east, then Take 7 units north, then Take 8 units west, then Take 8 units south, then Take 9 units east, then Take 9 units north."
sample_036,6.4031,"[(7, 7), (8, 7), (8, 8), (7, 8), (6, 8), (6, 7), (6, 6), (7, 6), (8, 6), (9, 6), (9, 7), (9, 8), (9, 9), (8, 9), (7, 9), (6, 9), (5, 9), (5, 8), (5, 7), (5, 6), (5, 5), (6, 5), (7, 5), (8, 5), (9, 5), (10, 5), (10, 6), (10, 7), (10, 8), (10, 9), (10, 10), (9, 10), (8, 10), (7, 10), (6, 10), (5, 10), (4, 10), (4, 9), (4, 8), (4, 7), (4, 6), (4, 5), (4, 4), (5, 4), (6, 4), (7, 4), (8, 4), (9, 4), (10, 4), (11, 4), (11, 5), (11, 6), (11, 7), (11, 8), (11, 9), (11, 10), (11, 11), (10, 11), (9, 11), (8, 11), (7, 11), (6, 11), (5, 11), (4, 11), (3, 11), (3, 10), (3, 9), (3, 8), (3, 7), (3, 6), (3, 5), (3, 4), (3, 3), (4, 3), (5, 3), (6, 3), (7, 3), (8, 3), (9, 3), (10, 3), (11, 3), (12, 3)]",3.0_7.0/sample_035_6.2336.png,"Take 1 units east, then Take 1 units north, then Take 2 units west, then Take 2 units south, then Take 3 units east, then Take 3 units north, then Take 4 units west, then Take 4 units south, then Take 5 units east, then Take 5 units north, then Take 6 units west, then Take 6 units south, then Take 7 units east, then Take 7 units north, then Take 8 units west, then Take 8 units south, then Take 9 units east."
sample_037,4.2426,"[(7, 7), (8, 7), (8, 8), (7, 8), (6, 8), (6, 7), (6, 6), (7, 6), (8, 6), (9, 6), (9, 7), (9, 8), (9, 9), (8, 9), (7, 9), (6, 9), (5, 9), (5, 8), (5, 7), (5, 6), (5, 5), (6, 5), (7, 5), (8, 5), (9, 5), (10, 5), (10, 6), (10, 7), (10, 8), (10, 9), (10, 10)]",3.0_7.0/sample_036_4.2185.png,"Take 1 units east, then Take 1 units north, then Take 2 units west, then Take 2 units south, then Take 3 units east, then Take 3 units north, then Take 4 units west, then Take 4 units south, then Take 5 units east, then Take 5 units north."
sample_038,3.6056,"[(7, 7), (8, 7), (8, 8), (7, 8), (6, 8), (6, 7), (6, 6), (7, 6), (8, 6), (9, 6), (9, 7), (9, 8), (9, 9), (8, 9), (7, 9), (6, 9), (5, 9), (5, 8), (5, 7), (5, 6), (5, 5), (6, 5), (7, 5), (8, 5), (9, 5), (10, 5)]",3.0_7.0/sample_037_3.3907.png,"Take 1 units east, then Take 1 units north, then Take 2 units west, then Take 2 units south, then Take 3 units east, then Take 3 units north, then Take 4 units west, then Take 4 units south, then Take 5 units east."
sample_039,6.4031,"[(7, 7), (8, 7), (8, 8), (7, 8), (6, 8), (6, 7), (6, 6), (7, 6), (8, 6), (9, 6), (9, 7), (9, 8), (9, 9), (8, 9), (7, 9), (6, 9), (5, 9), (5, 8), (5, 7), (5, 6), (5, 5), (6, 5), (7, 5), (8, 5), (9, 5), (10, 5), (10, 6), (10, 7), (10, 8), (10, 9), (10, 10), (9, 10), (8, 10), (7, 10), (6, 10), (5, 10), (4, 10), (4, 9), (4, 8), (4, 7), (4, 6), (4, 5), (4, 4), (5, 4), (6, 4), (7, 4), (8, 4), (9, 4), (10, 4), (11, 4), (11, 5), (11, 6), (11, 7), (11, 8), (11, 9), (11, 10), (11, 11), (10, 11), (9, 11), (8, 11), (7, 11), (6, 11), (5, 11), (4, 11), (3, 11), (3, 10), (3, 9), (3, 8), (3, 7), (3, 6), (3, 5), (3, 4), (3, 3), (4, 3), (5, 3), (6, 3), (7, 3), (8, 3), (9, 3), (10, 3), (11, 3), (12, 3)]",3.0_7.0/sample_038_5.7369.png,"Take 1 units east, then Take 1 units north, then Take 2 units west, then Take 2 units south, then Take 3 units east, then Take 3 units north, then Take 4 units west, then Take 4 units south, then Take 5 units east, then Take 5 units north, then Take 6 units west, then Take 6 units south, then Take 7 units east, then Take 7 units north, then Take 8 units west, then Take 8 units south, then Take 9 units east."
sample_040,5.0,"[(7, 7), (8, 7), (8, 8), (7, 8), (6, 8), (6, 7), (6, 6), (7, 6), (8, 6), (9, 6), (9, 7), (9, 8), (9, 9), (8, 9), (7, 9), (6, 9), (5, 9), (5, 8), (5, 7), (5, 6), (5, 5), (6, 5), (7, 5), (8, 5), (9, 5), (10, 5), (10, 6), (10, 7), (10, 8), (10, 9), (10, 10), (9, 10), (8, 10), (7, 10), (6, 10), (5, 10), (4, 10), (4, 9), (4, 8), (4, 7), (4, 6), (4, 5), (4, 4), (5, 4), (6, 4), (7, 4), (8, 4), (9, 4), (10, 4), (11, 4)]",3.0_7.0/sample_039_4.7606.png,"Take 1 units east, then Take 1 units north, then Take 2 units west, then Take 2 units south, then Take 3 units east, then Take 3 units north, then Take 4 units west, then Take 4 units south, then Take 5 units east, then Take 5 units north, then Take 6 units west, then Take 6 units south, then Take 7 units east."
sample_041,3.6056,"[(7, 7), (8, 7), (8, 8), (7, 8), (6, 8), (6, 7), (6, 6), (7, 6), (8, 6), (9, 6), (9, 7), (9, 8), (9, 9), (8, 9), (7, 9), (6, 9), (5, 9), (5, 8), (5, 7), (5, 6), (5, 5), (6, 5), (7, 5), (8, 5), (9, 5), (10, 5)]",3.0_7.0/sample_040_3.4882.png,"Take 1 units east, then Take 1 units north, then Take 2 units west, then Take 2 units south, then Take 3 units east, then Take 3 units north, then Take 4 units west, then Take 4 units south, then Take 5 units east."
sample_042,5.0,"[(7, 7), (8, 7), (8, 8), (7, 8), (6, 8), (6, 7), (6, 6), (7, 6), (8, 6), (9, 6), (9, 7), (9, 8), (9, 9), (8, 9), (7, 9), (6, 9), (5, 9), (5, 8), (5, 7), (5, 6), (5, 5), (6, 5), (7, 5), (8, 5), (9, 5), (10, 5), (10, 6), (10, 7), (10, 8), (10, 9), (10, 10), (9, 10), (8, 10), (7, 10), (6, 10), (5, 10), (4, 10), (4, 9), (4, 8), (4, 7), (4, 6), (4, 5), (4, 4), (5, 4), (6, 4), (7, 4), (8, 4), (9, 4), (10, 4), (11, 4)]",3.0_7.0/sample_041_4.9807.png,"Take 1 units east, then Take 1 units north, then Take 2 units west, then Take 2 units south, then Take 3 units east, then Take 3 units north, then Take 4 units west, then Take 4 units south, then Take 5 units east, then Take 5 units north, then Take 6 units west, then Take 6 units south, then Take 7 units east."
sample_043,3.6056,"[(7, 7), (8, 7), (8, 8), (7, 8), (6, 8), (6, 7), (6, 6), (7, 6), (8, 6), (9, 6), (9, 7), (9, 8), (9, 9), (8, 9), (7, 9), (6, 9), (5, 9), (5, 8), (5, 7), (5, 6), (5, 5), (6, 5), (7, 5), (8, 5), (9, 5), (10, 5)]",3.0_7.0/sample_042_3.1376.png,"Take 1 units east, then Take 1 units north, then Take 2 units west, then Take 2 units south, then Take 3 units east, then Take 3 units north, then Take 4 units west, then Take 4 units south, then Take 5 units east."
sample_044,7.0711,"[(7, 7), (8, 7), (8, 8), (7, 8), (6, 8), (6, 7), (6, 6), (7, 6), (8, 6), (9, 6), (9, 7), (9, 8), (9, 9), (8, 9), (7, 9), (6, 9), (5, 9), (5, 8), (5, 7), (5, 6), (5, 5), (6, 5), (7, 5), (8, 5), (9, 5), (10, 5), (10, 6), (10, 7), (10, 8), (10, 9), (10, 10), (9, 10), (8, 10), (7, 10), (6, 10), (5, 10), (4, 10), (4, 9), (4, 8), (4, 7), (4, 6), (4, 5), (4, 4), (5, 4), (6, 4), (7, 4), (8, 4), (9, 4), (10, 4), (11, 4), (11, 5), (11, 6), (11, 7), (11, 8), (11, 9), (11, 10), (11, 11), (10, 11), (9, 11), (8, 11), (7, 11), (6, 11), (5, 11), (4, 11), (3, 11), (3, 10), (3, 9), (3, 8), (3, 7), (3, 6), (3, 5), (3, 4), (3, 3), (4, 3), (5, 3), (6, 3), (7, 3), (8, 3), (9, 3), (10, 3), (11, 3), (12, 3), (12, 4), (12, 5), (12, 6), (12, 7), (12, 8), (12, 9), (12, 10), (12, 11), (12, 12)]",3.0_7.0/sample_043_6.6373.png,"Take 1 units east, then Take 1 units north, then Take 2 units west, then Take 2 units south, then Take 3 units east, then Take 3 units north, then Take 4 units west, then Take 4 units south, then Take 5 units east, then Take 5 units north, then Take 6 units west, then Take 6 units south, then Take 7 units east, then Take 7 units north, then Take 8 units west, then Take 8 units south, then Take 9 units east, then Take 9 units north."
sample_045,4.2426,"[(7, 7), (8, 7), (8, 8), (7, 8), (6, 8), (6, 7), (6, 6), (7, 6), (8, 6), (9, 6), (9, 7), (9, 8), (9, 9), (8, 9), (7, 9), (6, 9), (5, 9), (5, 8), (5, 7), (5, 6), (5, 5), (6, 5), (7, 5), (8, 5), (9, 5), (10, 5), (10, 6), (10, 7), (10, 8), (10, 9), (10, 10)]",3.0_7.0/sample_044_4.0351.png,"Take 1 units east, then Take 1 units north, then Take 2 units west, then Take 2 units south, then Take 3 units east, then Take 3 units north, then Take 4 units west, then Take 4 units south, then Take 5 units east, then Take 5 units north."
sample_046,5.6569,"[(7, 7), (8, 7), (8, 8), (7, 8), (6, 8), (6, 7), (6, 6), (7, 6), (8, 6), (9, 6), (9, 7), (9, 8), (9, 9), (8, 9), (7, 9), (6, 9), (5, 9), (5, 8), (5, 7), (5, 6), (5, 5), (6, 5), (7, 5), (8, 5), (9, 5), (10, 5), (10, 6), (10, 7), (10, 8), (10, 9), (10, 10), (9, 10), (8, 10), (7, 10), (6, 10), (5, 10), (4, 10), (4, 9), (4, 8), (4, 7), (4, 6), (4, 5), (4, 4), (5, 4), (6, 4), (7, 4), (8, 4), (9, 4), (10, 4), (11, 4), (11, 5), (11, 6), (11, 7), (11, 8), (11, 9), (11, 10), (11, 11)]",3.0_7.0/sample_045_5.6501.png,"Take 1 units east, then Take 1 units north, then Take 2 units west, then Take 2 units south, then Take 3 units east, then Take 3 units north, then Take 4 units west, then Take 4 units south, then Take 5 units east, then Take 5 units north, then Take 6 units west, then Take 6 units south, then Take 7 units east, then Take 7 units north."
sample_047,5.0,"[(7, 7), (8, 7), (8, 8), (7, 8), (6, 8), (6, 7), (6, 6), (7, 6), (8, 6), (9, 6), (9, 7), (9, 8), (9, 9), (8, 9), (7, 9), (6, 9), (5, 9), (5, 8), (5, 7), (5, 6), (5, 5), (6, 5), (7, 5), (8, 5), (9, 5), (10, 5), (10, 6), (10, 7), (10, 8), (10, 9), (10, 10), (9, 10), (8, 10), (7, 10), (6, 10), (5, 10), (4, 10), (4, 9), (4, 8), (4, 7), (4, 6), (4, 5), (4, 4), (5, 4), (6, 4), (7, 4), (8, 4), (9, 4), (10, 4), (11, 4)]",3.0_7.0/sample_046_4.2468.png,"Take 1 units east, then Take 1 units north, then Take 2 units west, then Take 2 units south, then Take 3 units east, then Take 3 units north, then Take 4 units west, then Take 4 units south, then Take 5 units east, then Take 5 units north, then Take 6 units west, then Take 6 units south, then Take 7 units east."
sample_048,5.6569,"[(7, 7), (8, 7), (8, 8), (7, 8), (6, 8), (6, 7), (6, 6), (7, 6), (8, 6), (9, 6), (9, 7), (9, 8), (9, 9), (8, 9), (7, 9), (6, 9), (5, 9), (5, 8), (5, 7), (5, 6), (5, 5), (6, 5), (7, 5), (8, 5), (9, 5), (10, 5), (10, 6), (10, 7), (10, 8), (10, 9), (10, 10), (9, 10), (8, 10), (7, 10), (6, 10), (5, 10), (4, 10), (4, 9), (4, 8), (4, 7), (4, 6), (4, 5), (4, 4), (5, 4), (6, 4), (7, 4), (8, 4), (9, 4), (10, 4), (11, 4), (11, 5), (11, 6), (11, 7), (11, 8), (11, 9), (11, 10), (11, 11)]",3.0_7.0/sample_047_5.0803.png,"Take 1 units east, then Take 1 units north, then Take 2 units west, then Take 2 units south, then Take 3 units east, then Take 3 units north, then Take 4 units west, then Take 4 units south, then Take 5 units east, then Take 5 units north, then Take 6 units west, then Take 6 units south, then Take 7 units east, then Take 7 units north."
sample_049,5.6569,"[(7, 7), (8, 7), (8, 8), (7, 8), (6, 8), (6, 7), (6, 6), (7, 6), (8, 6), (9, 6), (9, 7), (9, 8), (9, 9), (8, 9), (7, 9), (6, 9), (5, 9), (5, 8), (5, 7), (5, 6), (5, 5), (6, 5), (7, 5), (8, 5), (9, 5), (10, 5), (10, 6), (10, 7), (10, 8), (10, 9), (10, 10), (9, 10), (8, 10), (7, 10), (6, 10), (5, 10), (4, 10), (4, 9), (4, 8), (4, 7), (4, 6), (4, 5), (4, 4), (5, 4), (6, 4), (7, 4), (8, 4), (9, 4), (10, 4), (11, 4), (11, 5), (11, 6), (11, 7), (11, 8), (11, 9), (11, 10), (11, 11)]",3.0_7.0/sample_048_5.1868.png,"Take 1 units east, then Take 1 units north, then Take 2 units west, then Take 2 units south, then Take 3 units east, then Take 3 units north, then Take 4 units west, then Take 4 units south, then Take 5 units east, then Take 5 units north, then Take 6 units west, then Take 6 units south, then Take 7 units east, then Take 7 units north."
sample_050,4.2426,"[(7, 7), (8, 7), (8, 8), (7, 8), (6, 8), (6, 7), (6, 6), (7, 6), (8, 6), (9, 6), (9, 7), (9, 8), (9, 9), (8, 9), (7, 9), (6, 9), (5, 9), (5, 8), (5, 7), (5, 6), (5, 5), (6, 5), (7, 5), (8, 5), (9, 5), (10, 5), (10, 6), (10, 7), (10, 8), (10, 9), (10, 10)]",3.0_7.0/sample_049_3.7394.png,"Take 1 units east, then Take 1 units north, then Take 2 units west, then Take 2 units south, then Take 3 units east, then Take 3 units north, then Take 4 units west, then Take 4 units south, then Take 5 units east, then Take 5 units north."
sample_051,7.0711,"[(7, 7), (8, 7), (8, 8), (7, 8), (6, 8), (6, 7), (6, 6), (7, 6), (8, 6), (9, 6), (9, 7), (9, 8), (9, 9), (8, 9), (7, 9), (6, 9), (5, 9), (5, 8), (5, 7), (5, 6), (5, 5), (6, 5), (7, 5), (8, 5), (9, 5), (10, 5), (10, 6), (10, 7), (10, 8), (10, 9), (10, 10), (9, 10), (8, 10), (7, 10), (6, 10), (5, 10), (4, 10), (4, 9), (4, 8), (4, 7), (4, 6), (4, 5), (4, 4), (5, 4), (6, 4), (7, 4), (8, 4), (9, 4), (10, 4), (11, 4), (11, 5), (11, 6), (11, 7), (11, 8), (11, 9), (11, 10), (11, 11), (10, 11), (9, 11), (8, 11), (7, 11), (6, 11), (5, 11), (4, 11), (3, 11), (3, 10), (3, 9), (3, 8), (3, 7), (3, 6), (3, 5), (3, 4), (3, 3), (4, 3), (5, 3), (6, 3), (7, 3), (8, 3), (9, 3), (10, 3), (11, 3), (12, 3), (12, 4), (12, 5), (12, 6), (12, 7), (12, 8), (12, 9), (12, 10), (12, 11), (12, 12)]",3.0_7.0/sample_050_6.8783.png,"Take 1 units east, then Take 1 units north, then Take 2 units west, then Take 2 units south, then Take 3 units east, then Take 3 units north, then Take 4 units west, then Take 4 units south, then Take 5 units east, then Take 5 units north, then Take 6 units west, then Take 6 units south, then Take 7 units east, then Take 7 units north, then Take 8 units west, then Take 8 units south, then Take 9 units east, then Take 9 units north."
sample_052,6.4031,"[(7, 7), (8, 7), (8, 8), (7, 8), (6, 8), (6, 7), (6, 6), (7, 6), (8, 6), (9, 6), (9, 7), (9, 8), (9, 9), (8, 9), (7, 9), (6, 9), (5, 9), (5, 8), (5, 7), (5, 6), (5, 5), (6, 5), (7, 5), (8, 5), (9, 5), (10, 5), (10, 6), (10, 7), (10, 8), (10, 9), (10, 10), (9, 10), (8, 10), (7, 10), (6, 10), (5, 10), (4, 10), (4, 9), (4, 8), (4, 7), (4, 6), (4, 5), (4, 4), (5, 4), (6, 4), (7, 4), (8, 4), (9, 4), (10, 4), (11, 4), (11, 5), (11, 6), (11, 7), (11, 8), (11, 9), (11, 10), (11, 11), (10, 11), (9, 11), (8, 11), (7, 11), (6, 11), (5, 11), (4, 11), (3, 11), (3, 10), (3, 9), (3, 8), (3, 7), (3, 6), (3, 5), (3, 4), (3, 3), (4, 3), (5, 3), (6, 3), (7, 3), (8, 3), (9, 3), (10, 3), (11, 3), (12, 3)]",3.0_7.0/sample_051_6.1005.png,"Take 1 units east, then Take 1 units north, then Take 2 units west, then Take 2 units south, then Take 3 units east, then Take 3 units north, then Take 4 units west, then Take 4 units south, then Take 5 units east, then Take 5 units north, then Take 6 units west, then Take 6 units south, then Take 7 units east, then Take 7 units north, then Take 8 units west, then Take 8 units south, then Take 9 units east."
sample_053,7.0711,"[(7, 7), (8, 7), (8, 8), (7, 8), (6, 8), (6, 7), (6, 6), (7, 6), (8, 6), (9, 6), (9, 7), (9, 8), (9, 9), (8, 9), (7, 9), (6, 9), (5, 9), (5, 8), (5, 7), (5, 6), (5, 5), (6, 5), (7, 5), (8, 5), (9, 5), (10, 5), (10, 6), (10, 7), (10, 8), (10, 9), (10, 10), (9, 10), (8, 10), (7, 10), (6, 10), (5, 10), (4, 10), (4, 9), (4, 8), (4, 7), (4, 6), (4, 5), (4, 4), (5, 4), (6, 4), (7, 4), (8, 4), (9, 4), (10, 4), (11, 4), (11, 5), (11, 6), (11, 7), (11, 8), (11, 9), (11, 10), (11, 11), (10, 11), (9, 11), (8, 11), (7, 11), (6, 11), (5, 11), (4, 11), (3, 11), (3, 10), (3, 9), (3, 8), (3, 7), (3, 6), (3, 5), (3, 4), (3, 3), (4, 3), (5, 3), (6, 3), (7, 3), (8, 3), (9, 3), (10, 3), (11, 3), (12, 3), (12, 4), (12, 5), (12, 6), (12, 7), (12, 8), (12, 9), (12, 10), (12, 11), (12, 12)]",3.0_7.0/sample_052_6.758.png,"Take 1 units east, then Take 1 units north, then Take 2 units west, then Take 2 units south, then Take 3 units east, then Take 3 units north, then Take 4 units west, then Take 4 units south, then Take 5 units east, then Take 5 units north, then Take 6 units west, then Take 6 units south, then Take 7 units east, then Take 7 units north, then Take 8 units west, then Take 8 units south, then Take 9 units east, then Take 9 units north."
sample_054,7.0711,"[(7, 7), (8, 7), (8, 8), (7, 8), (6, 8), (6, 7), (6, 6), (7, 6), (8, 6), (9, 6), (9, 7), (9, 8), (9, 9), (8, 9), (7, 9), (6, 9), (5, 9), (5, 8), (5, 7), (5, 6), (5, 5), (6, 5), (7, 5), (8, 5), (9, 5), (10, 5), (10, 6), (10, 7), (10, 8), (10, 9), (10, 10), (9, 10), (8, 10), (7, 10), (6, 10), (5, 10), (4, 10), (4, 9), (4, 8), (4, 7), (4, 6), (4, 5), (4, 4), (5, 4), (6, 4), (7, 4), (8, 4), (9, 4), (10, 4), (11, 4), (11, 5), (11, 6), (11, 7), (11, 8), (11, 9), (11, 10), (11, 11), (10, 11), (9, 11), (8, 11), (7, 11), (6, 11), (5, 11), (4, 11), (3, 11), (3, 10), (3, 9), (3, 8), (3, 7), (3, 6), (3, 5), (3, 4), (3, 3), (4, 3), (5, 3), (6, 3), (7, 3), (8, 3), (9, 3), (10, 3), (11, 3), (12, 3), (12, 4), (12, 5), (12, 6), (12, 7), (12, 8), (12, 9), (12, 10), (12, 11), (12, 12)]",3.0_7.0/sample_053_6.5793.png,"Take 1 units east, then Take 1 units north, then Take 2 units west, then Take 2 units south, then Take 3 units east, then Take 3 units north, then Take 4 units west, then Take 4 units south, then Take 5 units east, then Take 5 units north, then Take 6 units west, then Take 6 units south, then Take 7 units east, then Take 7 units north, then Take 8 units west, then Take 8 units south, then Take 9 units east, then Take 9 units north."
sample_055,5.6569,"[(7, 7), (8, 7), (8, 8), (7, 8), (6, 8), (6, 7), (6, 6), (7, 6), (8, 6), (9, 6), (9, 7), (9, 8), (9, 9), (8, 9), (7, 9), (6, 9), (5, 9), (5, 8), (5, 7), (5, 6), (5, 5), (6, 5), (7, 5), (8, 5), (9, 5), (10, 5), (10, 6), (10, 7), (10, 8), (10, 9), (10, 10), (9, 10), (8, 10), (7, 10), (6, 10), (5, 10), (4, 10), (4, 9), (4, 8), (4, 7), (4, 6), (4, 5), (4, 4), (5, 4), (6, 4), (7, 4), (8, 4), (9, 4), (10, 4), (11, 4), (11, 5), (11, 6), (11, 7), (11, 8), (11, 9), (11, 10), (11, 11)]",3.0_7.0/sample_054_5.3916.png,"Take 1 units east, then Take 1 units north, then Take 2 units west, then Take 2 units south, then Take 3 units east, then Take 3 units north, then Take 4 units west, then Take 4 units south, then Take 5 units east, then Take 5 units north, then Take 6 units west, then Take 6 units south, then Take 7 units east, then Take 7 units north."
sample_056,7.0711,"[(7, 7), (8, 7), (8, 8), (7, 8), (6, 8), (6, 7), (6, 6), (7, 6), (8, 6), (9, 6), (9, 7), (9, 8), (9, 9), (8, 9), (7, 9), (6, 9), (5, 9), (5, 8), (5, 7), (5, 6), (5, 5), (6, 5), (7, 5), (8, 5), (9, 5), (10, 5), (10, 6), (10, 7), (10, 8), (10, 9), (10, 10), (9, 10), (8, 10), (7, 10), (6, 10), (5, 10), (4, 10), (4, 9), (4, 8), (4, 7), (4, 6), (4, 5), (4, 4), (5, 4), (6, 4), (7, 4), (8, 4), (9, 4), (10, 4), (11, 4), (11, 5), (11, 6), (11, 7), (11, 8), (11, 9), (11, 10), (11, 11), (10, 11), (9, 11), (8, 11), (7, 11), (6, 11), (5, 11), (4, 11), (3, 11), (3, 10), (3, 9), (3, 8), (3, 7), (3, 6), (3, 5), (3, 4), (3, 3), (4, 3), (5, 3), (6, 3), (7, 3), (8, 3), (9, 3), (10, 3), (11, 3), (12, 3), (12, 4), (12, 5), (12, 6), (12, 7), (12, 8), (12, 9), (12, 10), (12, 11), (12, 12)]",3.0_7.0/sample_055_6.6875.png,"Take 1 units east, then Take 1 units north, then Take 2 units west, then Take 2 units south, then Take 3 units east, then Take 3 units north, then Take 4 units west, then Take 4 units south, then Take 5 units east, then Take 5 units north, then Take 6 units west, then Take 6 units south, then Take 7 units east, then Take 7 units north, then Take 8 units west, then Take 8 units south, then Take 9 units east, then Take 9 units north."
sample_057,3.6056,"[(7, 7), (8, 7), (8, 8), (7, 8), (6, 8), (6, 7), (6, 6), (7, 6), (8, 6), (9, 6), (9, 7), (9, 8), (9, 9), (8, 9), (7, 9), (6, 9), (5, 9), (5, 8), (5, 7), (5, 6), (5, 5), (6, 5), (7, 5), (8, 5), (9, 5), (10, 5)]",3.0_7.0/sample_056_3.354.png,"Take 1 units east, then Take 1 units north, then Take 2 units west, then Take 2 units south, then Take 3 units east, then Take 3 units north, then Take 4 units west, then Take 4 units south, then Take 5 units east."
sample_058,4.2426,"[(7, 7), (8, 7), (8, 8), (7, 8), (6, 8), (6, 7), (6, 6), (7, 6), (8, 6), (9, 6), (9, 7), (9, 8), (9, 9), (8, 9), (7, 9), (6, 9), (5, 9), (5, 8), (5, 7), (5, 6), (5, 5), (6, 5), (7, 5), (8, 5), (9, 5), (10, 5), (10, 6), (10, 7), (10, 8), (10, 9), (10, 10)]",3.0_7.0/sample_057_3.7839.png,"Take 1 units east, then Take 1 units north, then Take 2 units west, then Take 2 units south, then Take 3 units east, then Take 3 units north, then Take 4 units west, then Take 4 units south, then Take 5 units east, then Take 5 units north."
sample_059,3.6056,"[(7, 7), (8, 7), (8, 8), (7, 8), (6, 8), (6, 7), (6, 6), (7, 6), (8, 6), (9, 6), (9, 7), (9, 8), (9, 9), (8, 9), (7, 9), (6, 9), (5, 9), (5, 8), (5, 7), (5, 6), (5, 5), (6, 5), (7, 5), (8, 5), (9, 5), (10, 5)]",3.0_7.0/sample_058_3.1809.png,"Take 1 units east, then Take 1 units north, then Take 2 units west, then Take 2 units south, then Take 3 units east, then Take 3 units north, then Take 4 units west, then Take 4 units south, then Take 5 units east."
sample_060,5.0,"[(7, 7), (8, 7), (8, 8), (7, 8), (6, 8), (6, 7), (6, 6), (7, 6), (8, 6), (9, 6), (9, 7), (9, 8), (9, 9), (8, 9), (7, 9), (6, 9), (5, 9), (5, 8), (5, 7), (5, 6), (5, 5), (6, 5), (7, 5), (8, 5), (9, 5), (10, 5), (10, 6), (10, 7), (10, 8), (10, 9), (10, 10), (9, 10), (8, 10), (7, 10), (6, 10), (5, 10), (4, 10), (4, 9), (4, 8), (4, 7), (4, 6), (4, 5), (4, 4), (5, 4), (6, 4), (7, 4), (8, 4), (9, 4), (10, 4), (11, 4)]",3.0_7.0/sample_059_4.3013.png,"Take 1 units east, then Take 1 units north, then Take 2 units west, then Take 2 units south, then Take 3 units east, then Take 3 units north, then Take 4 units west, then Take 4 units south, then Take 5 units east, then Take 5 units north, then Take 6 units west, then Take 6 units south, then Take 7 units east."
sample_061,5.0,"[(7, 7), (8, 7), (8, 8), (7, 8), (6, 8), (6, 7), (6, 6), (7, 6), (8, 6), (9, 6), (9, 7), (9, 8), (9, 9), (8, 9), (7, 9), (6, 9), (5, 9), (5, 8), (5, 7), (5, 6), (5, 5), (6, 5), (7, 5), (8, 5), (9, 5), (10, 5), (10, 6), (10, 7), (10, 8), (10, 9), (10, 10), (9, 10), (8, 10), (7, 10), (6, 10), (5, 10), (4, 10), (4, 9), (4, 8), (4, 7), (4, 6), (4, 5), (4, 4), (5, 4), (6, 4), (7, 4), (8, 4), (9, 4), (10, 4), (11, 4)]",3.0_7.0/sample_060_4.5547.png,"Take 1 units east, then Take 1 units north, then Take 2 units west, then Take 2 units south, then Take 3 units east, then Take 3 units north, then Take 4 units west, then Take 4 units south, then Take 5 units east, then Take 5 units north, then Take 6 units west, then Take 6 units south, then Take 7 units east."
sample_062,4.2426,"[(7, 7), (8, 7), (8, 8), (7, 8), (6, 8), (6, 7), (6, 6), (7, 6), (8, 6), (9, 6), (9, 7), (9, 8), (9, 9), (8, 9), (7, 9), (6, 9), (5, 9), (5, 8), (5, 7), (5, 6), (5, 5), (6, 5), (7, 5), (8, 5), (9, 5), (10, 5), (10, 6), (10, 7), (10, 8), (10, 9), (10, 10)]",3.0_7.0/sample_061_4.0854.png,"Take 1 units east, then Take 1 units north, then Take 2 units west, then Take 2 units south, then Take 3 units east, then Take 3 units north, then Take 4 units west, then Take 4 units south, then Take 5 units east, then Take 5 units north."
sample_063,6.4031,"[(7, 7), (8, 7), (8, 8), (7, 8), (6, 8), (6, 7), (6, 6), (7, 6), (8, 6), (9, 6), (9, 7), (9, 8), (9, 9), (8, 9), (7, 9), (6, 9), (5, 9), (5, 8), (5, 7), (5, 6), (5, 5), (6, 5), (7, 5), (8, 5), (9, 5), (10, 5), (10, 6), (10, 7), (10, 8), (10, 9), (10, 10), (9, 10), (8, 10), (7, 10), (6, 10), (5, 10), (4, 10), (4, 9), (4, 8), (4, 7), (4, 6), (4, 5), (4, 4), (5, 4), (6, 4), (7, 4), (8, 4), (9, 4), (10, 4), (11, 4), (11, 5), (11, 6), (11, 7), (11, 8), (11, 9), (11, 10), (11, 11), (10, 11), (9, 11), (8, 11), (7, 11), (6, 11), (5, 11), (4, 11), (3, 11), (3, 10), (3, 9), (3, 8), (3, 7), (3, 6), (3, 5), (3, 4), (3, 3), (4, 3), (5, 3), (6, 3), (7, 3), (8, 3), (9, 3), (10, 3), (11, 3), (12, 3)]",3.0_7.0/sample_062_6.315.png,"Take 1 units east, then Take 1 units north, then Take 2 units west, then Take 2 units south, then Take 3 units east, then Take 3 units north, then Take 4 units west, then Take 4 units south, then Take 5 units east, then Take 5 units north, then Take 6 units west, then Take 6 units south, then Take 7 units east, then Take 7 units north, then Take 8 units west, then Take 8 units south, then Take 9 units east."
sample_064,5.0,"[(7, 7), (8, 7), (8, 8), (7, 8), (6, 8), (6, 7), (6, 6), (7, 6), (8, 6), (9, 6), (9, 7), (9, 8), (9, 9), (8, 9), (7, 9), (6, 9), (5, 9), (5, 8), (5, 7), (5, 6), (5, 5), (6, 5), (7, 5), (8, 5), (9, 5), (10, 5), (10, 6), (10, 7), (10, 8), (10, 9), (10, 10), (9, 10), (8, 10), (7, 10), (6, 10), (5, 10), (4, 10), (4, 9), (4, 8), (4, 7), (4, 6), (4, 5), (4, 4), (5, 4), (6, 4), (7, 4), (8, 4), (9, 4), (10, 4), (11, 4)]",3.0_7.0/sample_063_4.427.png,"Take 1 units east, then Take 1 units north, then Take 2 units west, then Take 2 units south, then Take 3 units east, then Take 3 units north, then Take 4 units west, then Take 4 units south, then Take 5 units east, then Take 5 units north, then Take 6 units west, then Take 6 units south, then Take 7 units east."
sample_065,4.2426,"[(7, 7), (8, 7), (8, 8), (7, 8), (6, 8), (6, 7), (6, 6), (7, 6), (8, 6), (9, 6), (9, 7), (9, 8), (9, 9), (8, 9), (7, 9), (6, 9), (5, 9), (5, 8), (5, 7), (5, 6), (5, 5), (6, 5), (7, 5), (8, 5), (9, 5), (10, 5), (10, 6), (10, 7), (10, 8), (10, 9), (10, 10)]",3.0_7.0/sample_064_4.1237.png,"Take 1 units east, then Take 1 units north, then Take 2 units west, then Take 2 units south, then Take 3 units east, then Take 3 units north, then Take 4 units west, then Take 4 units south, then Take 5 units east, then Take 5 units north."
sample_066,5.6569,"[(7, 7), (8, 7), (8, 8), (7, 8), (6, 8), (6, 7), (6, 6), (7, 6), (8, 6), (9, 6), (9, 7), (9, 8), (9, 9), (8, 9), (7, 9), (6, 9), (5, 9), (5, 8), (5, 7), (5, 6), (5, 5), (6, 5), (7, 5), (8, 5), (9, 5), (10, 5), (10, 6), (10, 7), (10, 8), (10, 9), (10, 10), (9, 10), (8, 10), (7, 10), (6, 10), (5, 10), (4, 10), (4, 9), (4, 8), (4, 7), (4, 6), (4, 5), (4, 4), (5, 4), (6, 4), (7, 4), (8, 4), (9, 4), (10, 4), (11, 4), (11, 5), (11, 6), (11, 7), (11, 8), (11, 9), (11, 10), (11, 11)]",3.0_7.0/sample_065_5.1708.png,"Take 1 units east, then Take 1 units north, then Take 2 units west, then Take 2 units south, then Take 3 units east, then Take 3 units north, then Take 4 units west, then Take 4 units south, then Take 5 units east, then Take 5 units north, then Take 6 units west, then Take 6 units south, then Take 7 units east, then Take 7 units north."
sample_067,3.6056,"[(7, 7), (8, 7), (8, 8), (7, 8), (6, 8), (6, 7), (6, 6), (7, 6), (8, 6), (9, 6), (9, 7), (9, 8), (9, 9), (8, 9), (7, 9), (6, 9), (5, 9), (5, 8), (5, 7), (5, 6), (5, 5), (6, 5), (7, 5), (8, 5), (9, 5), (10, 5)]",3.0_7.0/sample_066_3.5637.png,"Take 1 units east, then Take 1 units north, then Take 2 units west, then Take 2 units south, then Take 3 units east, then Take 3 units north, then Take 4 units west, then Take 4 units south, then Take 5 units east."
sample_068,6.4031,"[(7, 7), (8, 7), (8, 8), (7, 8), (6, 8), (6, 7), (6, 6), (7, 6), (8, 6), (9, 6), (9, 7), (9, 8), (9, 9), (8, 9), (7, 9), (6, 9), (5, 9), (5, 8), (5, 7), (5, 6), (5, 5), (6, 5), (7, 5), (8, 5), (9, 5), (10, 5), (10, 6), (10, 7), (10, 8), (10, 9), (10, 10), (9, 10), (8, 10), (7, 10), (6, 10), (5, 10), (4, 10), (4, 9), (4, 8), (4, 7), (4, 6), (4, 5), (4, 4), (5, 4), (6, 4), (7, 4), (8, 4), (9, 4), (10, 4), (11, 4), (11, 5), (11, 6), (11, 7), (11, 8), (11, 9), (11, 10), (11, 11), (10, 11), (9, 11), (8, 11), (7, 11), (6, 11), (5, 11), (4, 11), (3, 11), (3, 10), (3, 9), (3, 8), (3, 7), (3, 6), (3, 5), (3, 4), (3, 3), (4, 3), (5, 3), (6, 3), (7, 3), (8, 3), (9, 3), (10, 3), (11, 3), (12, 3)]",3.0_7.0/sample_067_6.2088.png,"Take 1 units east, then Take 1 units north, then Take 2 units west, then Take 2 units south, then Take 3 units east, then Take 3 units north, then Take 4 units west, then Take 4 units south, then Take 5 units east, then Take 5 units north, then Take 6 units west, then Take 6 units south, then Take 7 units east, then Take 7 units north, then Take 8 units west, then Take 8 units south, then Take 9 units east."
sample_069,3.6056,"[(7, 7), (8, 7), (8, 8), (7, 8), (6, 8), (6, 7), (6, 6), (7, 6), (8, 6), (9, 6), (9, 7), (9, 8), (9, 9), (8, 9), (7, 9), (6, 9), (5, 9), (5, 8), (5, 7), (5, 6), (5, 5), (6, 5), (7, 5), (8, 5), (9, 5), (10, 5)]",3.0_7.0/sample_068_3.2982.png,"Take 1 units east, then Take 1 units north, then Take 2 units west, then Take 2 units south, then Take 3 units east, then Take 3 units north, then Take 4 units west, then Take 4 units south, then Take 5 units east."
sample_070,7.0711,"[(7, 7), (8, 7), (8, 8), (7, 8), (6, 8), (6, 7), (6, 6), (7, 6), (8, 6), (9, 6), (9, 7), (9, 8), (9, 9), (8, 9), (7, 9), (6, 9), (5, 9), (5, 8), (5, 7), (5, 6), (5, 5), (6, 5), (7, 5), (8, 5), (9, 5), (10, 5), (10, 6), (10, 7), (10, 8), (10, 9), (10, 10), (9, 10), (8, 10), (7, 10), (6, 10), (5, 10), (4, 10), (4, 9), (4, 8), (4, 7), (4, 6), (4, 5), (4, 4), (5, 4), (6, 4), (7, 4), (8, 4), (9, 4), (10, 4), (11, 4), (11, 5), (11, 6), (11, 7), (11, 8), (11, 9), (11, 10), (11, 11), (10, 11), (9, 11), (8, 11), (7, 11), (6, 11), (5, 11), (4, 11), (3, 11), (3, 10), (3, 9), (3, 8), (3, 7), (3, 6), (3, 5), (3, 4), (3, 3), (4, 3), (5, 3), (6, 3), (7, 3), (8, 3), (9, 3), (10, 3), (11, 3), (12, 3), (12, 4), (12, 5), (12, 6), (12, 7), (12, 8), (12, 9), (12, 10), (12, 11), (12, 12)]",3.0_7.0/sample_069_6.9475.png,"Take 1 units east, then Take 1 units north, then Take 2 units west, then Take 2 units south, then Take 3 units east, then Take 3 units north, then Take 4 units west, then Take 4 units south, then Take 5 units east, then Take 5 units north, then Take 6 units west, then Take 6 units south, then Take 7 units east, then Take 7 units north, then Take 8 units west, then Take 8 units south, then Take 9 units east, then Take 9 units north."
sample_071,6.4031,"[(7, 7), (8, 7), (8, 8), (7, 8), (6, 8), (6, 7), (6, 6), (7, 6), (8, 6), (9, 6), (9, 7), (9, 8), (9, 9), (8, 9), (7, 9), (6, 9), (5, 9), (5, 8), (5, 7), (5, 6), (5, 5), (6, 5), (7, 5), (8, 5), (9, 5), (10, 5), (10, 6), (10, 7), (10, 8), (10, 9), (10, 10), (9, 10), (8, 10), (7, 10), (6, 10), (5, 10), (4, 10), (4, 9), (4, 8), (4, 7), (4, 6), (4, 5), (4, 4), (5, 4), (6, 4), (7, 4), (8, 4), (9, 4), (10, 4), (11, 4), (11, 5), (11, 6), (11, 7), (11, 8), (11, 9), (11, 10), (11, 11), (10, 11), (9, 11), (8, 11), (7, 11), (6, 11), (5, 11), (4, 11), (3, 11), (3, 10), (3, 9), (3, 8), (3, 7), (3, 6), (3, 5), (3, 4), (3, 3), (4, 3), (5, 3), (6, 3), (7, 3), (8, 3), (9, 3), (10, 3), (11, 3), (12, 3)]",3.0_7.0/sample_070_6.089.png,"Take 1 units east, then Take 1 units north, then Take 2 units west, then Take 2 units south, then Take 3 units east, then Take 3 units north, then Take 4 units west, then Take 4 units south, then Take 5 units east, then Take 5 units north, then Take 6 units west, then Take 6 units south, then Take 7 units east, then Take 7 units north, then Take 8 units west, then Take 8 units south, then Take 9 units east."
sample_072,4.2426,"[(7, 7), (8, 7), (8, 8), (7, 8), (6, 8), (6, 7), (6, 6), (7, 6), (8, 6), (9, 6), (9, 7), (9, 8), (9, 9), (8, 9), (7, 9), (6, 9), (5, 9), (5, 8), (5, 7), (5, 6), (5, 5), (6, 5), (7, 5), (8, 5), (9, 5), (10, 5), (10, 6), (10, 7), (10, 8), (10, 9), (10, 10)]",3.0_7.0/sample_071_3.7949.png,"Take 1 units east, then Take 1 units north, then Take 2 units west, then Take 2 units south, then Take 3 units east, then Take 3 units north, then Take 4 units west, then Take 4 units south, then Take 5 units east, then Take 5 units north."
sample_073,3.6056,"[(7, 7), (8, 7), (8, 8), (7, 8), (6, 8), (6, 7), (6, 6), (7, 6), (8, 6), (9, 6), (9, 7), (9, 8), (9, 9), (8, 9), (7, 9), (6, 9), (5, 9), (5, 8), (5, 7), (5, 6), (5, 5), (6, 5), (7, 5), (8, 5), (9, 5), (10, 5)]",3.0_7.0/sample_072_3.0221.png,"Take 1 units east, then Take 1 units north, then Take 2 units west, then Take 2 units south, then Take 3 units east, then Take 3 units north, then Take 4 units west, then Take 4 units south, then Take 5 units east."
sample_074,6.4031,"[(7, 7), (8, 7), (8, 8), (7, 8), (6, 8), (6, 7), (6, 6), (7, 6), (8, 6), (9, 6), (9, 7), (9, 8), (9, 9), (8, 9), (7, 9), (6, 9), (5, 9), (5, 8), (5, 7), (5, 6), (5, 5), (6, 5), (7, 5), (8, 5), (9, 5), (10, 5), (10, 6), (10, 7), (10, 8), (10, 9), (10, 10), (9, 10), (8, 10), (7, 10), (6, 10), (5, 10), (4, 10), (4, 9), (4, 8), (4, 7), (4, 6), (4, 5), (4, 4), (5, 4), (6, 4), (7, 4), (8, 4), (9, 4), (10, 4), (11, 4), (11, 5), (11, 6), (11, 7), (11, 8), (11, 9), (11, 10), (11, 11), (10, 11), (9, 11), (8, 11), (7, 11), (6, 11), (5, 11), (4, 11), (3, 11), (3, 10), (3, 9), (3, 8), (3, 7), (3, 6), (3, 5), (3, 4), (3, 3), (4, 3), (5, 3), (6, 3), (7, 3), (8, 3), (9, 3), (10, 3), (11, 3), (12, 3)]",3.0_7.0/sample_073_6.2618.png,"Take 1 units east, then Take 1 units north, then Take 2 units west, then Take 2 units south, then Take 3 units east, then Take 3 units north, then Take 4 units west, then Take 4 units south, then Take 5 units east, then Take 5 units north, then Take 6 units west, then Take 6 units south, then Take 7 units east, then Take 7 units north, then Take 8 units west, then Take 8 units south, then Take 9 units east."
sample_075,6.4031,"[(7, 7), (8, 7), (8, 8), (7, 8), (6, 8), (6, 7), (6, 6), (7, 6), (8, 6), (9, 6), (9, 7), (9, 8), (9, 9), (8, 9), (7, 9), (6, 9), (5, 9), (5, 8), (5, 7), (5, 6), (5, 5), (6, 5), (7, 5), (8, 5), (9, 5), (10, 5), (10, 6), (10, 7), (10, 8), (10, 9), (10, 10), (9, 10), (8, 10), (7, 10), (6, 10), (5, 10), (4, 10), (4, 9), (4, 8), (4, 7), (4, 6), (4, 5), (4, 4), (5, 4), (6, 4), (7, 4), (8, 4), (9, 4), (10, 4), (11, 4), (11, 5), (11, 6), (11, 7), (11, 8), (11, 9), (11, 10), (11, 11), (10, 11), (9, 11), (8, 11), (7, 11), (6, 11), (5, 11), (4, 11), (3, 11), (3, 10), (3, 9), (3, 8), (3, 7), (3, 6), (3, 5), (3, 4), (3, 3), (4, 3), (5, 3), (6, 3), (7, 3), (8, 3), (9, 3), (10, 3), (11, 3), (12, 3)]",3.0_7.0/sample_074_5.8274.png,"Take 1 units east, then Take 1 units north, then Take 2 units west, then Take 2 units south, then Take 3 units east, then Take 3 units north, then Take 4 units west, then Take 4 units south, then Take 5 units east, then Take 5 units north, then Take 6 units west, then Take 6 units south, then Take 7 units east, then Take 7 units north, then Take 8 units west, then Take 8 units south, then Take 9 units east."
sample_076,6.4031,"[(7, 7), (8, 7), (8, 8), (7, 8), (6, 8), (6, 7), (6, 6), (7, 6), (8, 6), (9, 6), (9, 7), (9, 8), (9, 9), (8, 9), (7, 9), (6, 9), (5, 9), (5, 8), (5, 7), (5, 6), (5, 5), (6, 5), (7, 5), (8, 5), (9, 5), (10, 5), (10, 6), (10, 7), (10, 8), (10, 9), (10, 10), (9, 10), (8, 10), (7, 10), (6, 10), (5, 10), (4, 10), (4, 9), (4, 8), (4, 7), (4, 6), (4, 5), (4, 4), (5, 4), (6, 4), (7, 4), (8, 4), (9, 4), (10, 4), (11, 4), (11, 5), (11, 6), (11, 7), (11, 8), (11, 9), (11, 10), (11, 11), (10, 11), (9, 11), (8, 11), (7, 11), (6, 11), (5, 11), (4, 11), (3, 11), (3, 10), (3, 9), (3, 8), (3, 7), (3, 6), (3, 5), (3, 4), (3, 3), (4, 3), (5, 3), (6, 3), (7, 3), (8, 3), (9, 3), (10, 3), (11, 3), (12, 3)]",3.0_7.0/sample_075_5.916.png,"Take 1 units east, then Take 1 units north, then Take 2 units west, then Take 2 units south, then Take 3 units east, then Take 3 units north, then Take 4 units west, then Take 4 units south, then Take 5 units east, then Take 5 units north, then Take 6 units west, then Take 6 units south, then Take 7 units east, then Take 7 units north, then Take 8 units west, then Take 8 units south, then Take 9 units east."
sample_077,6.4031,"[(7, 7), (8, 7), (8, 8), (7, 8), (6, 8), (6, 7), (6, 6), (7, 6), (8, 6), (9, 6), (9, 7), (9, 8), (9, 9), (8, 9), (7, 9), (6, 9), (5, 9), (5, 8), (5, 7), (5, 6), (5, 5), (6, 5), (7, 5), (8, 5), (9, 5), (10, 5), (10, 6), (10, 7), (10, 8), (10, 9), (10, 10), (9, 10), (8, 10), (7, 10), (6, 10), (5, 10), (4, 10), (4, 9), (4, 8), (4, 7), (4, 6), (4, 5), (4, 4), (5, 4), (6, 4), (7, 4), (8, 4), (9, 4), (10, 4), (11, 4), (11, 5), (11, 6), (11, 7), (11, 8), (11, 9), (11, 10), (11, 11), (10, 11), (9, 11), (8, 11), (7, 11), (6, 11), (5, 11), (4, 11), (3, 11), (3, 10), (3, 9), (3, 8), (3, 7), (3, 6), (3, 5), (3, 4), (3, 3), (4, 3), (5, 3), (6, 3), (7, 3), (8, 3), (9, 3), (10, 3), (11, 3), (12, 3)]",3.0_7.0/sample_076_6.0851.png,"Take 1 units east, then Take 1 units north, then Take 2 units west, then Take 2 units south, then Take 3 units east, then Take 3 units north, then Take 4 units west, then Take 4 units south, then Take 5 units east, then Take 5 units north, then Take 6 units west, then Take 6 units south, then Take 7 units east, then Take 7 units north, then Take 8 units west, then Take 8 units south, then Take 9 units east."
sample_078,3.6056,"[(7, 7), (8, 7), (8, 8), (7, 8), (6, 8), (6, 7), (6, 6), (7, 6), (8, 6), (9, 6), (9, 7), (9, 8), (9, 9), (8, 9), (7, 9), (6, 9), (5, 9), (5, 8), (5, 7), (5, 6), (5, 5), (6, 5), (7, 5), (8, 5), (9, 5), (10, 5)]",3.0_7.0/sample_077_3.2962.png,"Take 1 units east, then Take 1 units north, then Take 2 units west, then Take 2 units south, then Take 3 units east, then Take 3 units north, then Take 4 units west, then Take 4 units south, then Take 5 units east."
sample_079,5.0,"[(7, 7), (8, 7), (8, 8), (7, 8), (6, 8), (6, 7), (6, 6), (7, 6), (8, 6), (9, 6), (9, 7), (9, 8), (9, 9), (8, 9), (7, 9), (6, 9), (5, 9), (5, 8), (5, 7), (5, 6), (5, 5), (6, 5), (7, 5), (8, 5), (9, 5), (10, 5), (10, 6), (10, 7), (10, 8), (10, 9), (10, 10), (9, 10), (8, 10), (7, 10), (6, 10), (5, 10), (4, 10), (4, 9), (4, 8), (4, 7), (4, 6), (4, 5), (4, 4), (5, 4), (6, 4), (7, 4), (8, 4), (9, 4), (10, 4), (11, 4)]",3.0_7.0/sample_078_4.4339.png,"Take 1 units east, then Take 1 units north, then Take 2 units west, then Take 2 units south, then Take 3 units east, then Take 3 units north, then Take 4 units west, then Take 4 units south, then Take 5 units east, then Take 5 units north, then Take 6 units west, then Take 6 units south, then Take 7 units east."
sample_080,3.6056,"[(7, 7), (8, 7), (8, 8), (7, 8), (6, 8), (6, 7), (6, 6), (7, 6), (8, 6), (9, 6), (9, 7), (9, 8), (9, 9), (8, 9), (7, 9), (6, 9), (5, 9), (5, 8), (5, 7), (5, 6), (5, 5), (6, 5), (7, 5), (8, 5), (9, 5), (10, 5)]",3.0_7.0/sample_079_3.4635.png,"Take 1 units east, then Take 1 units north, then Take 2 units west, then Take 2 units south, then Take 3 units east, then Take 3 units north, then Take 4 units west, then Take 4 units south, then Take 5 units east."
sample_081,7.0711,"[(7, 7), (8, 7), (8, 8), (7, 8), (6, 8), (6, 7), (6, 6), (7, 6), (8, 6), (9, 6), (9, 7), (9, 8), (9, 9), (8, 9), (7, 9), (6, 9), (5, 9), (5, 8), (5, 7), (5, 6), (5, 5), (6, 5), (7, 5), (8, 5), (9, 5), (10, 5), (10, 6), (10, 7), (10, 8), (10, 9), (10, 10), (9, 10), (8, 10), (7, 10), (6, 10), (5, 10), (4, 10), (4, 9), (4, 8), (4, 7), (4, 6), (4, 5), (4, 4), (5, 4), (6, 4), (7, 4), (8, 4), (9, 4), (10, 4), (11, 4), (11, 5), (11, 6), (11, 7), (11, 8), (11, 9), (11, 10), (11, 11), (10, 11), (9, 11), (8, 11), (7, 11), (6, 11), (5, 11), (4, 11), (3, 11), (3, 10), (3, 9), (3, 8), (3, 7), (3, 6), (3, 5), (3, 4), (3, 3), (4, 3), (5, 3), (6, 3), (7, 3), (8, 3), (9, 3), (10, 3), (11, 3), (12, 3), (12, 4), (12, 5), (12, 6), (12, 7), (12, 8), (12, 9), (12, 10), (12, 11), (12, 12)]",3.0_7.0/sample_080_6.4524.png,"Take 1 units east, then Take 1 units north, then Take 2 units west, then Take 2 units south, then Take 3 units east, then Take 3 units north, then Take 4 units west, then Take 4 units south, then Take 5 units east, then Take 5 units north, then Take 6 units west, then Take 6 units south, then Take 7 units east, then Take 7 units north, then Take 8 units west, then Take 8 units south, then Take 9 units east, then Take 9 units north."
sample_082,5.6569,"[(7, 7), (8, 7), (8, 8), (7, 8), (6, 8), (6, 7), (6, 6), (7, 6), (8, 6), (9, 6), (9, 7), (9, 8), (9, 9), (8, 9), (7, 9), (6, 9), (5, 9), (5, 8), (5, 7), (5, 6), (5, 5), (6, 5), (7, 5), (8, 5), (9, 5), (10, 5), (10, 6), (10, 7), (10, 8), (10, 9), (10, 10), (9, 10), (8, 10), (7, 10), (6, 10), (5, 10), (4, 10), (4, 9), (4, 8), (4, 7), (4, 6), (4, 5), (4, 4), (5, 4), (6, 4), (7, 4), (8, 4), (9, 4), (10, 4), (11, 4), (11, 5), (11, 6), (11, 7), (11, 8), (11, 9), (11, 10), (11, 11)]",3.0_7.0/sample_081_5.4932.png,"Take 1 units east, then Take 1 units north, then Take 2 units west, then Take 2 units south, then Take 3 units east, then Take 3 units north, then Take 4 units west, then Take 4 units south, then Take 5 units east, then Take 5 units north, then Take 6 units west, then Take 6 units south, then Take 7 units east, then Take 7 units north."
sample_083,5.0,"[(7, 7), (8, 7), (8, 8), (7, 8), (6, 8), (6, 7), (6, 6), (7, 6), (8, 6), (9, 6), (9, 7), (9, 8), (9, 9), (8, 9), (7, 9), (6, 9), (5, 9), (5, 8), (5, 7), (5, 6), (5, 5), (6, 5), (7, 5), (8, 5), (9, 5), (10, 5), (10, 6), (10, 7), (10, 8), (10, 9), (10, 10), (9, 10), (8, 10), (7, 10), (6, 10), (5, 10), (4, 10), (4, 9), (4, 8), (4, 7), (4, 6), (4, 5), (4, 4), (5, 4), (6, 4), (7, 4), (8, 4), (9, 4), (10, 4), (11, 4)]",3.0_7.0/sample_082_4.3236.png,"Take 1 units east, then Take 1 units north, then Take 2 units west, then Take 2 units south, then Take 3 units east, then Take 3 units north, then Take 4 units west, then Take 4 units south, then Take 5 units east, then Take 5 units north, then Take 6 units west, then Take 6 units south, then Take 7 units east."
sample_084,3.6056,"[(7, 7), (8, 7), (8, 8), (7, 8), (6, 8), (6, 7), (6, 6), (7, 6), (8, 6), (9, 6), (9, 7), (9, 8), (9, 9), (8, 9), (7, 9), (6, 9), (5, 9), (5, 8), (5, 7), (5, 6), (5, 5), (6, 5), (7, 5), (8, 5), (9, 5), (10, 5)]",3.0_7.0/sample_083_3.2542.png,"Take 1 units east, then Take 1 units north, then Take 2 units west, then Take 2 units south, then Take 3 units east, then Take 3 units north, then Take 4 units west, then Take 4 units south, then Take 5 units east."
sample_085,5.0,"[(7, 7), (8, 7), (8, 8), (7, 8), (6, 8), (6, 7), (6, 6), (7, 6), (8, 6), (9, 6), (9, 7), (9, 8), (9, 9), (8, 9), (7, 9), (6, 9), (5, 9), (5, 8), (5, 7), (5, 6), (5, 5), (6, 5), (7, 5), (8, 5), (9, 5), (10, 5), (10, 6), (10, 7), (10, 8), (10, 9), (10, 10), (9, 10), (8, 10), (7, 10), (6, 10), (5, 10), (4, 10), (4, 9), (4, 8), (4, 7), (4, 6), (4, 5), (4, 4), (5, 4), (6, 4), (7, 4), (8, 4), (9, 4), (10, 4), (11, 4)]",3.0_7.0/sample_084_4.2439.png,"Take 1 units east, then Take 1 units north, then Take 2 units west, then Take 2 units south, then Take 3 units east, then Take 3 units north, then Take 4 units west, then Take 4 units south, then Take 5 units east, then Take 5 units north, then Take 6 units west, then Take 6 units south, then Take 7 units east."
sample_086,5.0,"[(7, 7), (8, 7), (8, 8), (7, 8), (6, 8), (6, 7), (6, 6), (7, 6), (8, 6), (9, 6), (9, 7), (9, 8), (9, 9), (8, 9), (7, 9), (6, 9), (5, 9), (5, 8), (5, 7), (5, 6), (5, 5), (6, 5), (7, 5), (8, 5), (9, 5), (10, 5), (10, 6), (10, 7), (10, 8), (10, 9), (10, 10), (9, 10), (8, 10), (7, 10), (6, 10), (5, 10), (4, 10), (4, 9), (4, 8), (4, 7), (4, 6), (4, 5), (4, 4), (5, 4), (6, 4), (7, 4), (8, 4), (9, 4), (10, 4), (11, 4)]",3.0_7.0/sample_085_4.3007.png,"Take 1 units east, then Take 1 units north, then Take 2 units west, then Take 2 units south, then Take 3 units east, then Take 3 units north, then Take 4 units west, then Take 4 units south, then Take 5 units east, then Take 5 units north, then Take 6 units west, then Take 6 units south, then Take 7 units east."
sample_087,6.4031,"[(7, 7), (8, 7), (8, 8), (7, 8), (6, 8), (6, 7), (6, 6), (7, 6), (8, 6), (9, 6), (9, 7), (9, 8), (9, 9), (8, 9), (7, 9), (6, 9), (5, 9), (5, 8), (5, 7), (5, 6), (5, 5), (6, 5), (7, 5), (8, 5), (9, 5), (10, 5), (10, 6), (10, 7), (10, 8), (10, 9), (10, 10), (9, 10), (8, 10), (7, 10), (6, 10), (5, 10), (4, 10), (4, 9), (4, 8), (4, 7), (4, 6), (4, 5), (4, 4), (5, 4), (6, 4), (7, 4), (8, 4), (9, 4), (10, 4), (11, 4), (11, 5), (11, 6), (11, 7), (11, 8), (11, 9), (11, 10), (11, 11), (10, 11), (9, 11), (8, 11), (7, 11), (6, 11), (5, 11), (4, 11), (3, 11), (3, 10), (3, 9), (3, 8), (3, 7), (3, 6), (3, 5), (3, 4), (3, 3), (4, 3), (5, 3), (6, 3), (7, 3), (8, 3), (9, 3), (10, 3), (11, 3), (12, 3)]",3.0_7.0/sample_086_5.9184.png,"Take 1 units east, then Take 1 units north, then Take 2 units west, then Take 2 units south, then Take 3 units east, then Take 3 units north, then Take 4 units west, then Take 4 units south, then Take 5 units east, then Take 5 units north, then Take 6 units west, then Take 6 units south, then Take 7 units east, then Take 7 units north, then Take 8 units west, then Take 8 units south, then Take 9 units east."
sample_088,5.6569,"[(7, 7), (8, 7), (8, 8), (7, 8), (6, 8), (6, 7), (6, 6), (7, 6), (8, 6), (9, 6), (9, 7), (9, 8), (9, 9), (8, 9), (7, 9), (6, 9), (5, 9), (5, 8), (5, 7), (5, 6), (5, 5), (6, 5), (7, 5), (8, 5), (9, 5), (10, 5), (10, 6), (10, 7), (10, 8), (10, 9), (10, 10), (9, 10), (8, 10), (7, 10), (6, 10), (5, 10), (4, 10), (4, 9), (4, 8), (4, 7), (4, 6), (4, 5), (4, 4), (5, 4), (6, 4), (7, 4), (8, 4), (9, 4), (10, 4), (11, 4), (11, 5), (11, 6), (11, 7), (11, 8), (11, 9), (11, 10), (11, 11)]",3.0_7.0/sample_087_5.5502.png,"Take 1 units east, then Take 1 units north, then Take 2 units west, then Take 2 units south, then Take 3 units east, then Take 3 units north, then Take 4 units west, then Take 4 units south, then Take 5 units east, then Take 5 units north, then Take 6 units west, then Take 6 units south, then Take 7 units east, then Take 7 units north."
sample_089,7.0711,"[(7, 7), (8, 7), (8, 8), (7, 8), (6, 8), (6, 7), (6, 6), (7, 6), (8, 6), (9, 6), (9, 7), (9, 8), (9, 9), (8, 9), (7, 9), (6, 9), (5, 9), (5, 8), (5, 7), (5, 6), (5, 5), (6, 5), (7, 5), (8, 5), (9, 5), (10, 5), (10, 6), (10, 7), (10, 8), (10, 9), (10, 10), (9, 10), (8, 10), (7, 10), (6, 10), (5, 10), (4, 10), (4, 9), (4, 8), (4, 7), (4, 6), (4, 5), (4, 4), (5, 4), (6, 4), (7, 4), (8, 4), (9, 4), (10, 4), (11, 4), (11, 5), (11, 6), (11, 7), (11, 8), (11, 9), (11, 10), (11, 11), (10, 11), (9, 11), (8, 11), (7, 11), (6, 11), (5, 11), (4, 11), (3, 11), (3, 10), (3, 9), (3, 8), (3, 7), (3, 6), (3, 5), (3, 4), (3, 3), (4, 3), (5, 3), (6, 3), (7, 3), (8, 3), (9, 3), (10, 3), (11, 3), (12, 3), (12, 4), (12, 5), (12, 6), (12, 7), (12, 8), (12, 9), (12, 10), (12, 11), (12, 12)]",3.0_7.0/sample_088_6.5489.png,"Take 1 units east, then Take 1 units north, then Take 2 units west, then Take 2 units south, then Take 3 units east, then Take 3 units north, then Take 4 units west, then Take 4 units south, then Take 5 units east, then Take 5 units north, then Take 6 units west, then Take 6 units south, then Take 7 units east, then Take 7 units north, then Take 8 units west, then Take 8 units south, then Take 9 units east, then Take 9 units north."
sample_090,5.0,"[(7, 7), (8, 7), (8, 8), (7, 8), (6, 8), (6, 7), (6, 6), (7, 6), (8, 6), (9, 6), (9, 7), (9, 8), (9, 9), (8, 9), (7, 9), (6, 9), (5, 9), (5, 8), (5, 7), (5, 6), (5, 5), (6, 5), (7, 5), (8, 5), (9, 5), (10, 5), (10, 6), (10, 7), (10, 8), (10, 9), (10, 10), (9, 10), (8, 10), (7, 10), (6, 10), (5, 10), (4, 10), (4, 9), (4, 8), (4, 7), (4, 6), (4, 5), (4, 4), (5, 4), (6, 4), (7, 4), (8, 4), (9, 4), (10, 4), (11, 4)]",3.0_7.0/sample_089_4.8889.png,"Take 1 units east, then Take 1 units north, then Take 2 units west, then Take 2 units south, then Take 3 units east, then Take 3 units north, then Take 4 units west, then Take 4 units south, then Take 5 units east, then Take 5 units north, then Take 6 units west, then Take 6 units south, then Take 7 units east."
sample_091,3.6056,"[(7, 7), (8, 7), (8, 8), (7, 8), (6, 8), (6, 7), (6, 6), (7, 6), (8, 6), (9, 6), (9, 7), (9, 8), (9, 9), (8, 9), (7, 9), (6, 9), (5, 9), (5, 8), (5, 7), (5, 6), (5, 5), (6, 5), (7, 5), (8, 5), (9, 5), (10, 5)]",3.0_7.0/sample_090_3.4784.png,"Take 1 units east, then Take 1 units north, then Take 2 units west, then Take 2 units south, then Take 3 units east, then Take 3 units north, then Take 4 units west, then Take 4 units south, then Take 5 units east."
sample_092,6.4031,"[(7, 7), (8, 7), (8, 8), (7, 8), (6, 8), (6, 7), (6, 6), (7, 6), (8, 6), (9, 6), (9, 7), (9, 8), (9, 9), (8, 9), (7, 9), (6, 9), (5, 9), (5, 8), (5, 7), (5, 6), (5, 5), (6, 5), (7, 5), (8, 5), (9, 5), (10, 5), (10, 6), (10, 7), (10, 8), (10, 9), (10, 10), (9, 10), (8, 10), (7, 10), (6, 10), (5, 10), (4, 10), (4, 9), (4, 8), (4, 7), (4, 6), (4, 5), (4, 4), (5, 4), (6, 4), (7, 4), (8, 4), (9, 4), (10, 4), (11, 4), (11, 5), (11, 6), (11, 7), (11, 8), (11, 9), (11, 10), (11, 11), (10, 11), (9, 11), (8, 11), (7, 11), (6, 11), (5, 11), (4, 11), (3, 11), (3, 10), (3, 9), (3, 8), (3, 7), (3, 6), (3, 5), (3, 4), (3, 3), (4, 3), (5, 3), (6, 3), (7, 3), (8, 3), (9, 3), (10, 3), (11, 3), (12, 3)]",3.0_7.0/sample_091_5.853.png,"Take 1 units east, then Take 1 units north, then Take 2 units west, then Take 2 units south, then Take 3 units east, then Take 3 units north, then Take 4 units west, then Take 4 units south, then Take 5 units east, then Take 5 units north, then Take 6 units west, then Take 6 units south, then Take 7 units east, then Take 7 units north, then Take 8 units west, then Take 8 units south, then Take 9 units east."
sample_093,6.4031,"[(7, 7), (8, 7), (8, 8), (7, 8), (6, 8), (6, 7), (6, 6), (7, 6), (8, 6), (9, 6), (9, 7), (9, 8), (9, 9), (8, 9), (7, 9), (6, 9), (5, 9), (5, 8), (5, 7), (5, 6), (5, 5), (6, 5), (7, 5), (8, 5), (9, 5), (10, 5), (10, 6), (10, 7), (10, 8), (10, 9), (10, 10), (9, 10), (8, 10), (7, 10), (6, 10), (5, 10), (4, 10), (4, 9), (4, 8), (4, 7), (4, 6), (4, 5), (4, 4), (5, 4), (6, 4), (7, 4), (8, 4), (9, 4), (10, 4), (11, 4), (11, 5), (11, 6), (11, 7), (11, 8), (11, 9), (11, 10), (11, 11), (10, 11), (9, 11), (8, 11), (7, 11), (6, 11), (5, 11), (4, 11), (3, 11), (3, 10), (3, 9), (3, 8), (3, 7), (3, 6), (3, 5), (3, 4), (3, 3), (4, 3), (5, 3), (6, 3), (7, 3), (8, 3), (9, 3), (10, 3), (11, 3), (12, 3)]",3.0_7.0/sample_092_6.0431.png,"Take 1 units east, then Take 1 units north, then Take 2 units west, then Take 2 units south, then Take 3 units east, then Take 3 units north, then Take 4 units west, then Take 4 units south, then Take 5 units east, then Take 5 units north, then Take 6 units west, then Take 6 units south, then Take 7 units east, then Take 7 units north, then Take 8 units west, then Take 8 units south, then Take 9 units east."
sample_094,5.6569,"[(7, 7), (8, 7), (8, 8), (7, 8), (6, 8), (6, 7), (6, 6), (7, 6), (8, 6), (9, 6), (9, 7), (9, 8), (9, 9), (8, 9), (7, 9), (6, 9), (5, 9), (5, 8), (5, 7), (5, 6), (5, 5), (6, 5), (7, 5), (8, 5), (9, 5), (10, 5), (10, 6), (10, 7), (10, 8), (10, 9), (10, 10), (9, 10), (8, 10), (7, 10), (6, 10), (5, 10), (4, 10), (4, 9), (4, 8), (4, 7), (4, 6), (4, 5), (4, 4), (5, 4), (6, 4), (7, 4), (8, 4), (9, 4), (10, 4), (11, 4), (11, 5), (11, 6), (11, 7), (11, 8), (11, 9), (11, 10), (11, 11)]",3.0_7.0/sample_093_5.2451.png,"Take 1 units east, then Take 1 units north, then Take 2 units west, then Take 2 units south, then Take 3 units east, then Take 3 units north, then Take 4 units west, then Take 4 units south, then Take 5 units east, then Take 5 units north, then Take 6 units west, then Take 6 units south, then Take 7 units east, then Take 7 units north."
sample_095,6.4031,"[(7, 7), (8, 7), (8, 8), (7, 8), (6, 8), (6, 7), (6, 6), (7, 6), (8, 6), (9, 6), (9, 7), (9, 8), (9, 9), (8, 9), (7, 9), (6, 9), (5, 9), (5, 8), (5, 7), (5, 6), (5, 5), (6, 5), (7, 5), (8, 5), (9, 5), (10, 5), (10, 6), (10, 7), (10, 8), (10, 9), (10, 10), (9, 10), (8, 10), (7, 10), (6, 10), (5, 10), (4, 10), (4, 9), (4, 8), (4, 7), (4, 6), (4, 5), (4, 4), (5, 4), (6, 4), (7, 4), (8, 4), (9, 4), (10, 4), (11, 4), (11, 5), (11, 6), (11, 7), (11, 8), (11, 9), (11, 10), (11, 11), (10, 11), (9, 11), (8, 11), (7, 11), (6, 11), (5, 11), (4, 11), (3, 11), (3, 10), (3, 9), (3, 8), (3, 7), (3, 6), (3, 5), (3, 4), (3, 3), (4, 3), (5, 3), (6, 3), (7, 3), (8, 3), (9, 3), (10, 3), (11, 3), (12, 3)]",3.0_7.0/sample_094_6.0839.png,"Take 1 units east, then Take 1 units north, then Take 2 units west, then Take 2 units south, then Take 3 units east, then Take 3 units north, then Take 4 units west, then Take 4 units south, then Take 5 units east, then Take 5 units north, then Take 6 units west, then Take 6 units south, then Take 7 units east, then Take 7 units north, then Take 8 units west, then Take 8 units south, then Take 9 units east."
sample_096,5.0,"[(7, 7), (8, 7), (8, 8), (7, 8), (6, 8), (6, 7), (6, 6), (7, 6), (8, 6), (9, 6), (9, 7), (9, 8), (9, 9), (8, 9), (7, 9), (6, 9), (5, 9), (5, 8), (5, 7), (5, 6), (5, 5), (6, 5), (7, 5), (8, 5), (9, 5), (10, 5), (10, 6), (10, 7), (10, 8), (10, 9), (10, 10), (9, 10), (8, 10), (7, 10), (6, 10), (5, 10), (4, 10), (4, 9), (4, 8), (4, 7), (4, 6), (4, 5), (4, 4), (5, 4), (6, 4), (7, 4), (8, 4), (9, 4), (10, 4), (11, 4)]",3.0_7.0/sample_095_4.9752.png,"Take 1 units east, then Take 1 units north, then Take 2 units west, then Take 2 units south, then Take 3 units east, then Take 3 units north, then Take 4 units west, then Take 4 units south, then Take 5 units east, then Take 5 units north, then Take 6 units west, then Take 6 units south, then Take 7 units east."
sample_097,5.6569,"[(7, 7), (8, 7), (8, 8), (7, 8), (6, 8), (6, 7), (6, 6), (7, 6), (8, 6), (9, 6), (9, 7), (9, 8), (9, 9), (8, 9), (7, 9), (6, 9), (5, 9), (5, 8), (5, 7), (5, 6), (5, 5), (6, 5), (7, 5), (8, 5), (9, 5), (10, 5), (10, 6), (10, 7), (10, 8), (10, 9), (10, 10), (9, 10), (8, 10), (7, 10), (6, 10), (5, 10), (4, 10), (4, 9), (4, 8), (4, 7), (4, 6), (4, 5), (4, 4), (5, 4), (6, 4), (7, 4), (8, 4), (9, 4), (10, 4), (11, 4), (11, 5), (11, 6), (11, 7), (11, 8), (11, 9), (11, 10), (11, 11)]",3.0_7.0/sample_096_5.0909.png,"Take 1 units east, then Take 1 units north, then Take 2 units west, then Take 2 units south, then Take 3 units east, then Take 3 units north, then Take 4 units west, then Take 4 units south, then Take 5 units east, then Take 5 units north, then Take 6 units west, then Take 6 units south, then Take 7 units east, then Take 7 units north."
sample_098,5.0,"[(7, 7), (8, 7), (8, 8), (7, 8), (6, 8), (6, 7), (6, 6), (7, 6), (8, 6), (9, 6), (9, 7), (9, 8), (9, 9), (8, 9), (7, 9), (6, 9), (5, 9), (5, 8), (5, 7), (5, 6), (5, 5), (6, 5), (7, 5), (8, 5), (9, 5), (10, 5), (10, 6), (10, 7), (10, 8), (10, 9), (10, 10), (9, 10), (8, 10), (7, 10), (6, 10), (5, 10), (4, 10), (4, 9), (4, 8), (4, 7), (4, 6), (4, 5), (4, 4), (5, 4), (6, 4), (7, 4), (8, 4), (9, 4), (10, 4), (11, 4)]",3.0_7.0/sample_097_4.7102.png,"Take 1 units east, then Take 1 units north, then Take 2 units west, then Take 2 units south, then Take 3 units east, then Take 3 units north, then Take 4 units west, then Take 4 units south, then Take 5 units east, then Take 5 units north, then Take 6 units west, then Take 6 units south, then Take 7 units east."
sample_099,3.6056,"[(7, 7), (8, 7), (8, 8), (7, 8), (6, 8), (6, 7), (6, 6), (7, 6), (8, 6), (9, 6), (9, 7), (9, 8), (9, 9), (8, 9), (7, 9), (6, 9), (5, 9), (5, 8), (5, 7), (5, 6), (5, 5), (6, 5), (7, 5), (8, 5), (9, 5), (10, 5)]",3.0_7.0/sample_098_3.1017.png,"Take 1 units east, then Take 1 units north, then Take 2 units west, then Take 2 units south, then Take 3 units east, then Take 3 units north, then Take 4 units west, then Take 4 units south, then Take 5 units east."
sample_100,3.6056,"[(7, 7), (8, 7), (8, 8), (7, 8), (6, 8), (6, 7), (6, 6), (7, 6), (8, 6), (9, 6), (9, 7), (9, 8), (9, 9), (8, 9), (7, 9), (6, 9), (5, 9), (5, 8), (5, 7), (5, 6), (5, 5), (6, 5), (7, 5), (8, 5), (9, 5), (10, 5)]",3.0_7.0/sample_099_3.4316.png,"Take 1 units east, then Take 1 units north, then Take 2 units west, then Take 2 units south, then Take 3 units east, then Take 3 units north, then Take 4 units west, then Take 4 units south, then Take 5 units east."
